x1,x2,x3,x4,x5,x6,x7,x8,x9,x10,x11,x12,x13,x14,x15,x16,x17,x18,x19,x20,x21,x22,x23,x24,x25,x26,x27,x28,x29,x30,x31,x32,x33,x34,x35,x36,x37,x38,x39,x40,x41,x42,x43,x44,x45,x46,x47,x48,x49,x50,y
5.861025623390505,-0.872496105846207,4.514210694620623,3.9477637382037285,-8.739014248809694,-2.5785035936980147,-10.740949230463254,11.250633313184982,-9.052793216771573,-0.8571402749935635,0.10329889135007475,-10.646882060824986,1.2824194921049394,-1.4187670675103419,1.69249318113246,7.741815593981238,-2.769622301850317,1.0788623090053422,2.9800386236408247,0.8370254127726273,0.8217011725463064,0.2388640113150946,-3.159184007420352,-2.3262778867398968,-1.505378814794031,-1.8140525942472174,-0.05898038928852212,7.138583773798165,8.579047252702065,2.562219507944552,-6.006075913215333,1.394093670393633,-4.614929490126617,-5.270365008459118,-8.885608177916781,3.451152516858729,3.0924552689148435,-3.7402736397219947,0.9266681394089442,7.852996036531806,0.915867583010364,-5.214545165448992,1.4528412270844333,-1.4088914271203743,0.41796548124040567,7.750553559940833,-6.586939321070123,2.5659392946791426,-4.025321160847484,-6.503770101198931,0
-2.123725113677243,-4.88924194139813,-12.877209139055891,0.9152422089695169,0.47148349169029735,6.895033373478539,5.206995765980746,7.813716400504089,4.879678744355349,-1.3684653311756323,-1.3692305888620178,-10.701745409297901,-2.7982039713727676,8.61119265739323,-5.374770506725713,-0.08910483757116949,1.4618666163274505,3.4878397690758574,5.007975820998461,-4.055229105555815,8.961543164677352,1.551585140870297,4.919858489383416,-0.13447288237586308,5.572187675325137,2.823889731057889,3.6477102745585106,-4.438876692014277,0.5916682941261009,4.764354494304585,0.4599166890294457,6.328822462792464,1.4290164491027793,-5.01203426138176,2.0870675617314776,-2.4250773476036036,-6.19222475147414,-3.458705551581553,-3.30394296071119,-0.31608450298575774,3.209247250934367,3.3806695099042474,-4.381402057555427,-2.377259257201731,-3.1188350305053616,0.47181647513908653,-6.306806480096272,2.0670022322495005,6.263141486497379,-2.2332491802175727,0
-4.236155937796375,8.271805546395615,4.952810608014948,-3.1386924172515847,-6.353918806452655,3.4603668611561837,1.7942922655853715,-1.9646979869970962,-2.9366594926687357,0.5676724634896865,0.7033165879513992,3.02056921554398,-0.6632754098778204,-7.302729136266231,7.442988319406977,1.931287521518279,4.244911729960403,-2.019928649544121,-1.48233823055131,7.004252648044301,-1.0301495095576998,-4.692789017534393,-5.711038660096793,-6.805318209552628,-3.5312815454312223,-0.6257445667952128,3.68385444439339,5.905676136065009,-1.1104163408405467,-7.439552136222738,-2.347513637191992,-3.6482265993554828,-6.165189633432477,-6.678872279774067,0.8409143861940298,2.253336210804177,1.4326304877224438,-2.5104354705570913,4.178187004000355,-3.3175271671843456,-8.116467301381261,8.734772427127606,-2.064275197022229,7.4960585802354505,5.795263729518764,1.7253496249841056,1.572856400008424,-1.5812331558948585,-0.22664127133907352,4.87550805739855,0
-5.5276732543839096,2.0468498089059812,-1.9805348823231932,0.6348692711614701,-4.151717206541838,-4.022182209366018,2.999405638614128,-0.5961221256669762,0.24704860056161682,5.8235326500304545,8.64950161407503,-2.1347899756060906,-3.5292890763161484,-3.9170361097061472,0.5573593503357708,-2.5981948565076074,0.6111681124084132,3.554207821835913,1.8531142558308482,9.401098977391712,-1.655591472663073,6.341967126471593,0.0383285853110884,-6.735912733542856,-3.6592853024044896,4.075346612638496,4.814702425003284,-2.3437724721336854,5.704753240754999,-1.6706190573405033,-0.04594344689720997,-2.542888717073615,-7.20870886208281,-1.9900590827081057,-7.935431018812581,-2.224250139944926,8.576552893085838,-4.081466622556741,2.928124549190153,2.5139525919232755,0.5659170858716515,-0.4924336101701847,-3.6512960128011605,0.787733938000689,2.4564779742949585,0.17773994482046607,-3.488951513383524,6.320700382996199,0.15256437282341895,0.2297774255894478,0
-5.719991421289926,-3.4929616347468353,-2.001444903223196,0.925241171702752,-3.5484633099954346,-0.7664840302355289,0.04526368768629463,6.3348290051573715,-2.7797735956454397,-1.8693812493534678,6.373587544872606,1.8756972002371617,1.9606636728540305,-5.842016803668619,1.6068994878808585,-4.821159366247933,-0.44775262352392553,-11.014404569477657,-6.017088684432356,-1.28573783130893,-2.7984103876441204,-4.562435254546106,2.265891260506694,-2.9183731291971933,-1.8177280438280468,1.5817740611920228,1.4411670820080837,-1.7538363004947044,-0.6072037448776719,5.710970736231661,0.22233794939183604,0.22112474917069413,7.332012423951461,4.5475674329286235,8.230417870963135,-1.660586316992359,3.3665087851962356,4.865190138965346,4.639562072191274,1.2408778433594432,-8.10387911468413,4.669779952968687,-1.7042352874454323,-4.629850276157856,5.217172375670321,-2.5427906732206846,-1.363234034552398,-0.8874384027714115,-7.683792187896008,7.111309939434598,0
-5.203491295592439,2.9139318381538235,4.120592776597106,-0.5205133640315804,-4.926826850375609,-4.468427249827583,2.2566100653690806,-5.327933696436893,-2.896181766238693,-5.334509830891138,-0.966186663919304,-3.2714838525747054,-3.990077577817773,-7.556343204376447,2.0580516166897294,2.067908543103924,2.8073489145029544,5.461235527548882,3.9666106232299363,0.04553955153273859,-3.263704174933749,-1.2920641937476027,-1.2360370776527003,1.5175434909840906,0.5032272321579254,-1.7771802008760451,7.254879219539326,-0.7583041382855746,-1.796928254551856,0.6029496135019727,6.056342574046648,0.4431226523525785,-9.805287245726516,10.579622695382758,-1.2390876229110217,5.253792692258125,-3.694210720015308,-2.2574154380249394,0.8667719724014697,-1.575702665400267,0.7141815968169271,4.5097748521384275,-9.69929585261338,-0.17262905630275416,-3.838576616944117,-9.404627954079888,0.42516944671680057,-0.0258675017346357,1.6705081564647677,0.26262698732443823,0
-0.8326638701576418,6.814705921035621,2.2591102100003386,-3.2327668571053882,6.544563604214752,-3.3713753368819717,1.7636481993082243,-0.26263819741569483,1.3289171932421158,-2.8249971200028514,5.771143434389419,2.97717220138159,-3.7353679763336762,-4.848227469059827,-5.389077982354766,-0.6683959859664532,-1.5057739713852607,-2.070245666603155,-4.161891984726747,2.0497094820488986,5.1883177668453735,1.2994492778790545,-4.556770437510178,-2.873513562643902,0.6564503512580435,1.253746726249949,6.899094953674992,-5.058170837564201,-3.992849038304698,0.5100108437398743,10.389037286151911,-0.974717505455682,-3.7583282492816803,4.72618815234396,2.4556481038993434,5.131959839619298,2.911676619157858,0.2955502857695097,1.5781324938458976,-12.60382198131472,-0.2667989994345771,0.13208623456845492,3.794247911559901,1.0244926276652149,2.6785906660608303,-3.2800985670479514,2.3424748909280524,3.230753882513789,-3.664429406296114,3.1807909522679405,0
-2.24238322695656,-3.050171413148501,-11.930295898977553,-8.858079810103973,-5.2365626930186755,6.921449099488456,6.266962824072594,1.247291443435493,-7.207307836052215,0.2145942933703603,-5.215005254738694,-0.5095515965490351,4.512177841122252,4.335088818249956,4.910613500971941,2.0879079251330857,3.2615032691530437,-3.0018686947814235,-0.20617388595425656,-11.607286499064218,2.5614709783105543,-1.6333776509208118,-2.3292449512335502,-0.07195401043850036,0.5286264408667298,-5.6641143160550085,4.502269374966502,1.9952511895934215,-4.705170791458766,-3.498376512286979,9.292573389057164,2.95694658738907,-2.9277270911480455,-3.704490574042455,2.3565724755255477,-5.459949563938949,-1.612623178066444,-6.373182705839447,0.14587698090545564,4.516011380857156,3.9126781942836937,4.220157862308033,-4.942922271124958,2.6941562319234134,6.991504661760772,-2.287970952456315,4.443695521720331,10.417389002649756,0.4871167963202434,7.071612775259505,1
-1.4869906182157662,-3.8273226719007827,4.845999731428091,-5.833405807445782,-6.364684221321829,0.5977570416004616,-5.856008404420189,6.372725048749854,1.32064038931905,7.015100072574122,7.595865397667237,-2.4376179010609613,0.8212696084699236,-2.6938480917590777,6.802121274747152,-0.4650821192636967,-4.231107380823257,-1.4488304308514801,-7.911698165355306,-1.3269572222688537,-0.2787810121826717,-0.7782076222010742,-1.5008498948933604,-3.8814498814996194,-4.419282282679031,-1.3277663150878636,7.6396930542904045,-0.15264858989461705,3.3702464411963184,3.4852122703573962,0.46231368351340985,2.7059821752847526,1.1735644285215971,1.6766076900333124,2.879499654041811,1.8896070259318232,-1.1269959849862796,1.8790570543569038,-3.3963848028066104,-2.840614123944533,-4.884006826184226,4.344026199583591,-2.554460724117111,1.1526738728634416,0.6721053084897073,-4.051904946310883,6.224381411297533,-2.668756710991012,-3.048442004104458,-4.0220651285445905,0
-1.5083349961524717,-7.088260007174381,-7.002481556383466,4.859018068278553,0.32387333372319416,4.483855811654189,-1.0296991926797476,3.0810592394290115,2.854309142400875,-0.26525004275051933,-6.340656936318913,2.6963445515515105,6.602203878068698,11.672614509720368,9.227996346635194,7.514118118111442,-0.39309531264101083,-4.155345574511381,-0.5383688517627638,1.631420010746632,6.048914766833124,7.152387996165899,-3.779486479349113,0.28962620428611174,6.051005736265722,2.2298516870426996,8.71593491861778,-2.506484274040103,2.2769310887145044,-5.446075878415678,-5.531113011533956,-0.03780205327441566,0.6986968298140248,2.4178067181488547,5.050357964285731,-3.476508582336024,1.9204819687214874,-0.9661182492771131,-0.4561527940597584,3.8818262404710677,2.319049965978819,-5.7158349565426105,-4.166655600024261,2.4130591022460246,-4.928639450986044,4.4177366504507996,0.9805462801259822,-1.2700560345749357,0.9780764804007442,-3.864133507038805,0
4.20146495352841,-0.29257050523973493,-2.8517596981603246,0.05568486125383787,1.9543377750661646,0.8773541844901689,2.6133114280564165,-8.057418629019178,5.008408008293969,0.46744654655985274,4.068708712894254,-9.902302889344702,-5.4700191340819195,-6.787224246295461,0.7142972177041003,-3.077274435193136,3.8105532553584354,-2.6383022946400487,7.941647269146694,0.6278306424635289,-0.9689102465871904,-2.747517568211936,3.3573622107411776,4.792030851377276,-6.388795767632842,-0.9342406728722848,-5.419465058121202,-2.5642317740527574,-0.65209566671919,1.5963372466917378,-2.967148752021239,-3.2335018432670433,-2.6154027967019013,-6.198138170651928,-2.190811357915687,4.862513548084178,-3.3159682950796086,1.684102202210517,1.5885472215173913,-6.070879483825604,0.15050746970062656,-1.804076124530257,2.7714354903812635,-9.109390389757136,-3.7680875486345613,-7.867055565473136,5.545952827870372,2.117234786798897,5.185832575904055,3.837945327129285,0
-2.133964497877564,6.2137465212837455,0.7886024959445133,-5.935378913213543,-1.7701923643064337,-2.0539263769792817,-1.988513505321265,3.0833986783405676,3.527874149732895,-0.39507922175296706,0.9245728133038895,0.9891903400572012,1.1003971374306047,2.4976705482398214,4.736696277957186,-4.177429742151233,2.126349028619536,2.5986551114819347,-2.8407841983574373,1.9567765750457404,-2.881899831902683,0.13906966103423368,1.186340522448514,1.8550629604241686,1.2205973568661348,3.4429349213487592,-2.1576385158942073,3.944909780385958,-0.09206052039604662,-7.37172474140391,7.508617955814375,-2.1338419955676766,1.8837096593715357,6.726462907179154,-2.878995718854716,0.38328565831744554,2.6508227828496276,0.10780870091046912,-1.1849361440179529,-3.7341605986174784,-2.7955458443791654,-1.288345359421971,2.9435899214941283,2.1622024588481707,-1.9970220432048835,5.233269932221942,2.766588549055176,-3.8734514208303343,0.6379851928719209,-1.2071875189788461,1
2.847055366789201,0.9749638229885647,-5.496627417929921,-0.5902097294184219,3.299600314196521,6.87037259843636,7.989809492408716,5.632456655378594,-7.060182143144365,-0.2947315148287126,-0.9342968230420512,7.067876182198688,1.1676595074832856,-3.388589004006125,-2.3209425726500865,-2.0125662415993997,1.3389647663341009,6.0898345524042155,-1.0658181528908495,-5.201539684406551,1.976221891014496,6.522900418683126,-8.376967608939639,1.1988616627192983,-0.7028678191179938,5.359647876332691,3.5366135973524586,1.4855936213289085,2.05812899706295,-3.79941164988299,0.8292876639766067,4.325368486933471,2.328091034026508,1.037701107565262,-1.9138427545565915,-7.531355358850137,-2.001641073147945,0.7199363075277616,-6.396596910005821,4.555811159194786,1.3259289868542143,-0.5565096292525971,-3.9315017256892406,-0.19881020618543932,-0.35893358317746227,-0.6979166900066214,4.794326083703014,-3.9278181323146946,-6.989640594297525,-0.6982611472730342,1
-5.947284549622035,-2.7333345885065814,-6.591221399341022,8.844425421010632,-3.90446609837549,-3.3156418432094155,2.290249672208921,2.1598099770611805,-8.07582747792443,-1.2618707728090777,-9.36457372913156,-4.4236031231247495,-2.026038661705484,-1.6145736969456288,4.8580797674797385,-0.0760718541492329,0.8986045415653854,-6.664810258059037,1.5202585259056183,5.900927298625744,-3.9122285137072974,0.7762062930448392,2.0347102378654003,-0.7268913409277171,1.1020231400531415,2.128541205073858,-1.6744140637052487,0.9449080268171614,6.614775483146705,0.4655807093140114,0.25794357567582904,-0.7602798900743455,0.34234873157072676,-3.2429587264952597,-1.0482311661415544,-2.3691977791105074,4.41439241257825,-15.584898262123028,-0.4324062879395342,-0.7518761476606344,7.691922790325272,1.053584761585322,-1.161057238436367,3.526284456989848,4.4726979378822485,-1.3705525181577025,-5.349471749864311,-1.2058201864003508,-0.7956930093778043,3.1913739147367037,1
-0.8117618730130225,-4.497092429118332,-0.8333379519187493,-0.05634176452576989,-2.03855595105252,0.39463074435810275,2.2967771993607013,2.0332763712122586,1.2880595183400296,-0.10754064716354961,4.909256544967668,-6.392370876707497,-3.754752498442284,1.9199549692770554,-4.247639222697763,5.035731895654018,2.54111219319773,5.182468511893553,4.331283540152178,-8.077131420857901,-2.5335883191630058,2.524742095585285,-4.956604801932003,-3.85554094970152,-0.8289267462453714,-5.555992558253424,2.7036989676987515,-1.977393834764848,-4.022110467407289,5.099999045980632,0.10236719542990347,-2.012271324881843,4.608311021282169,-0.9335346968190793,-4.599870677292254,1.90448092944755,2.8546522611430145,-1.4952266641234573,-7.160148896191945,5.845083861803748,3.7315819667343746,5.280016746420224,5.061881322324403,0.8028292515706281,2.7278754267905434,1.5947140998878235,3.108562605429402,-1.8657800541846687,-4.068577399258085,-1.014186005747665,0
-5.64166665421821,-4.838610328988468,-2.160734218018927,-5.579669052935036,1.8507001756029808,6.506700979199713,4.51095902517681,4.526596340321249,-5.366034885215483,-0.7865661297864281,-1.4735119838292636,0.8564105525136405,-0.027116626659835275,0.9035803623555341,1.647887775497809,-0.12597034151786435,-2.024468176241016,2.177136238816959,-2.3711704704359367,-3.008456588935399,3.3084250940598525,-1.0848027934023412,-0.48502259681894744,-1.7864823726445156,1.8620364306024082,-1.5677678260549386,0.13623038983132818,3.7457430241828016,1.2711768246795745,0.8265692944128677,1.7783800435899422,-2.0340142689595706,2.716219223114947,-2.9655407564926533,0.43154963609956776,4.408762662958537,-2.5043646659848,6.770467595609981,3.272162726176399,-2.581110772276209,-1.5099543318262225,-6.311971959680764,1.4261030322023514,-8.367258058006776,1.0637366117045597,3.965103898755652,-0.1670593880314999,-5.111912695823081,-6.923496363313107,4.982380395992154,1
-3.069449172346207,-1.4691366804524402,0.14955139580633214,4.260327344255725,0.7678816932606405,0.5803276056048738,4.833705295767734,-0.41651732985915846,0.42665930012466124,1.106696866434263,-6.058416142961199,0.33888473191548174,-0.8975807776653211,-9.131897920336993,2.760376584971238,5.091419586641969,2.89738157283283,-0.29300448520788114,-0.71587320787567,0.3066410535032945,1.8467153883676497,-4.6775476607186555,1.6300844986710934,6.332984657200952,-8.067114164895717,8.192018352218586,-5.537629228825891,7.79903259186276,-0.1961274579990797,-5.427710655079317,-3.069795773667744,0.6373599104542713,3.651559567560825,-5.016895576994872,4.432668867339933,-3.654599531034825,-0.5095824000957438,2.0684067009916127,1.6285445572203852,-6.273871207245805,-4.008349313277989,5.465280466714081,1.530116143323153,6.211780504395746,-2.033754794340943,3.8117897593446752,0.16117553756690928,-2.594350864414026,2.9594628964758463,9.265140742345638,0
3.276144576671458,-5.989131205592644,-0.5946238726422917,2.3175020579472427,2.6792683006987765,3.113055638961277,3.4990209895753135,3.2071703648809553,11.164739234166936,2.433130218972031,5.985347544145391,-7.888877936674708,-1.9303228125746126,-0.5351197591538823,-1.510596637402971,-1.2368076302306543,2.6739318548220896,-7.684552882994151,1.560234345798957,-10.15134853924502,-0.5782431359421234,8.042503776384306,-4.7635493476287385,0.7821938666394721,6.721558958262771,-1.8764140842131165,2.3951246824324244,0.45595002998028034,3.724917223899097,6.7825221528783795,5.5150444706546615,5.557514245881647,-1.822181247358535,4.152645775914441,-6.712999761810305,-0.9956854539707527,-2.903497430170225,14.33363691723138,-0.37443591232091467,-6.895727710628791,-2.0815123595865304,4.408241696350601,5.207231767739981,4.213225715625951,-2.882478669180297,-0.3790555147839183,-4.719759106629715,-3.0571743440715657,0.884460255465193,-1.0633613528033512,0
1.9451574564026866,-2.6048787138703515,-0.9233514405060733,-4.430436118989835,0.8938154585858675,0.42313836406933136,-1.495183357783667,2.1350409481609915,2.4490286345748236,0.9934749311023096,-1.0104964169911694,6.472805797551776,2.7289931503146727,3.630420756919531,-1.0524871846792303,-0.801285706344466,3.994390518790677,-1.2884478791671583,1.0389533084877485,0.2804523322200826,2.06038423472992,6.002295457294811,1.6080957037123276,3.9281289299693323,2.681677241356347,1.8630363816081164,-2.2733695112995465,3.6903468131930133,3.339223759566197,3.133627254730701,0.5871335973605154,1.1700458990968636,2.3861242732722237,4.70488535521031,2.3150404963012576,3.080580159990853,-0.7626818242224054,2.5759785703761784,-2.706414803051228,0.4357666048956699,0.11412689060460879,0.4830877551684467,-8.452891771783246,5.969404514584758,1.7113727914926264,0.4382298263979687,4.096672145417154,-1.3597321312468766,2.595562160718995,4.54826515590097,1
-5.774329229704857,1.414072436159258,3.08248493762537,1.4034081040329267,7.592829073238058,-0.5353390845682513,-2.629019429398488,2.263971871797954,3.5699547106399434,0.23498957909481666,0.6170403946382146,1.0852563261884334,-7.708744445812882,-4.099889396150598,-6.840383956770109,4.558576970022259,-2.4305335967063666,1.9066447450215251,-4.556494192166036,-8.601172015031603,2.924309609358858,6.033020634206957,-5.847325949109678,-4.044344702382192,-0.8468939347473999,-1.6264326737416201,-8.7806113618539,-5.985785079048175,-7.359507143735526,2.2024061894163047,8.51281507132082,-1.3514940287330948,4.055504044324383,4.1518861341528,-3.794643285847034,0.6159080553787369,-1.174294534918149,-0.08196277372816207,0.9964918830486316,-11.601093527960375,2.2605899485410665,-1.2624607905598766,-3.6508404788337745,5.2965678553206565,-5.897139648729166,6.129749896669323,0.8921060749435437,-0.12291695177131179,1.2318585027530098,-0.2106768113146571,1
-2.44185292124392,-1.7263811818816284,-3.212742729520221,-2.8416033036660386,0.0876487940095767,-4.434913226903335,-5.574998199167018,-0.37045986115188034,-5.69828034997615,-0.7794017537889399,-7.040049285035309,1.8294219639264426,-1.6453875675209506,-1.144567810562798,-2.0785931853033195,-2.670126003559356,-4.278476045430024,2.8427292654645204,-4.062087913477862,0.33471647876725263,-0.525338353111267,-0.16178629834276792,7.628465048362112,2.6243881949814303,1.402843089031642,-7.303465421282596,-2.602679569849045,7.450057743955697,11.874189255679104,-4.685989780230436,0.14639909213201285,3.221051465919855,6.476571608235846,12.571388606522202,-3.5370212462369506,7.7130934760007825,-3.5237893245902656,4.3681605089100906,0.07547857422905557,-2.4691325389075027,-5.228130287193819,3.2693963377214095,-5.2211045257090705,4.085061431505563,-4.89015782956183,-2.240653295185465,6.910206253761405,-7.680307916031481,-0.785093352314942,-1.9814993709342557,1
1.1385460051754153,0.06160929479565391,-1.2022140142336,-1.085508613037607,0.5659397789751237,0.2207915518355552,1.2292423986915517,-1.7101670311849815,3.7133906431301202,4.0344453578167645,0.06013798754242017,-1.8871171661717412,-2.9147280789525833,2.2763179764939356,-0.8967081280566902,-4.072839870387169,-1.4592203929019978,-7.453509071828795,1.71503178389407,2.5341321132816956,0.47766759421089877,-4.608963947459936,0.562688911022208,3.0911043639554174,1.137198433223269,1.457501710047095,1.9062625149569876,1.0633411504581347,5.55900962246924,-5.047779234435602,0.29664476566660647,3.8888207678159987,1.347298257428276,1.8601313942008422,-3.975778702438282,-1.6315114666055095,-0.9485252240052346,-1.4782211742793605,1.5443058566900718,4.92884665729458,-4.975712283960493,5.8653135643569145,-3.002873905234617,0.08473416850653503,5.343164840165522,-0.5651617115666494,2.9489865804123045,-0.9262802636912986,-5.662687236353553,-3.58291963926711,0
2.4822239104518435,4.893736666576203,-0.5091731125426471,7.298879670408695,4.570401263494736,-4.572779364636242,0.8926539420513191,1.8017789632894146,-5.0008818170425355,-0.2890132747066685,2.913746760429637,-2.5880036567925337,6.368153161800869,-4.283346253843655,-4.5909877920110675,0.14081895679539214,-1.6334866876937282,3.638437298282258,-0.7583590446368488,-3.9253463869407996,-3.2075652907464542,4.33270556188281,-5.301086653915432,-6.0061767412438645,-2.004642249529269,-3.6791141823931857,8.569239522445848,-4.624525982196177,5.6261226505610304,0.145940787424919,8.04847228678147,-0.5173333053561815,1.4387793632919044,1.3101593891267993,9.439864793322522,5.011068111946999,0.9241996993807631,-0.45458741350640475,4.116961555001323,-0.1010645258142353,4.94673019536853,-0.6613910557862765,4.931675433453193,-1.8729072008211711,-0.7702028933191132,-6.0981587446869865,2.034345127077799,-3.046672368445257,-4.0325907118895,-1.192308210080932,1
5.621065720657609,-1.1200041253835789,0.8963950843134891,-1.219648622901241,-4.631166337490481,-1.030424096553055,0.2657511954910059,0.5765919895446505,0.7240585660045764,-2.0459194043416584,0.4768754788758669,-3.8380041627861874,1.660726415631081,4.7378436322732576,5.403041503852671,-4.041557121141992,0.24422779313806398,-5.214474835933376,2.6952664537919984,-1.25962949344459,-1.7444520643200763,0.5269249206276836,1.495915920097283,-1.159887918404134,-14.042753070192054,0.18062130555263656,-8.954042479748662,-5.771112858927277,1.5541160957968905,-4.218271767017651,2.7145483868266576,-0.8690399903079462,-5.127679988490798,6.081524197948369,2.7412639759369517,1.620923678240522,-2.7635142614030794,-0.8906573781040231,2.7424444920588766,-1.927492170580491,7.427876813127041,-0.8836086736678035,-3.118634872664853,-7.683082109870735,0.5384928263239108,-1.273283455453237,-3.324786301802993,-2.592876885334408,1.1498121124709813,4.3056105194545395,0
-7.901439877847992,11.531070842623064,7.347157198513361,1.765496328210899,1.4741929039959127,0.835753433603066,2.2213076806436143,-0.8249836354632614,-2.1554933229388293,6.148785158463658,2.7639686308707434,-3.540823857647453,1.926660675259817,0.6308223527669659,-0.7813675662698841,-0.29094851848839287,9.353995469912984,-5.845199725388611,-4.914893028228047,-9.397367601030405,-1.24489152122234,1.4313615843899918,13.021700705844584,-2.2563526776878646,1.1669755940990165,0.07138068271586628,6.842384601423566,-1.3459871515184305,7.904210259474665,-9.510893733203106,-6.143673219135126,8.495472882804151,-2.128242108874883,-12.540262346063733,-6.403656419194366,-6.405461995695587,-5.1001325524589385,0.9685689043785778,-1.5938656725735352,0.83798813893716,7.620835859054164,1.984753878349981,-7.145803517569303,4.659576114276287,3.4136834893659533,2.6613532058775373,6.313892609669341,0.8940256282935122,1.8801732753802578,11.395314186606342,1
6.237731077024675,8.7597220623783,2.6265304855829967,1.353901315430726,6.081871883207892,4.458025302960164,-2.626348264427598,0.09874592509148516,3.308333972237162,-7.457713848926632,-4.310797443176954,5.970340929690395,4.6542838173392695,4.732573728963074,-4.333028661998885,3.1403927081743612,4.462791265739858,6.362160422022646,7.266642170213554,1.9236577190042246,-7.069209612833614,-0.2073882988846817,-0.610947160482243,7.822575684358094,1.097422862249627,4.304343345204593,-8.27980570432994,7.215110516156867,5.829910848974851,-7.322442295036437,3.692126283676007,0.6766940949760172,-0.1450601018707861,6.042847872819705,-7.174411728970701,-6.492425137733137,0.3952410774862545,3.811715372643326,-5.120737173574279,5.612750891472476,10.290872802831355,-2.5226474002046655,3.6738869675207955,2.6923544481228667,4.875941954001686,1.5445011606781835,-4.347623032989569,-3.3073780070114625,-6.141799037200607,-2.436606408190812,1
2.663809647795605,2.0728452592857347,3.779648433999255,-2.7464850132556866,-0.4647896285330255,4.065122881216967,-6.773625989047886,-5.95363086374311,3.9032069592651677,0.2029751417701946,-7.372497400994128,-5.986300431593717,-0.6163846137664274,2.7022562325173856,-2.739943146183635,-8.897857981859685,5.496769299819047,-0.2145183455523374,2.694130998705022,-4.98647879126146,4.780152066361078,-1.7381622898344842,-4.3696582119073195,-2.914368363873458,-1.6950245655067828,-1.5300398634900505,2.579138260864717,-1.6905497028518175,-2.6645504000799036,-1.024100465657908,2.7563188679806485,2.8169165829055984,-4.703171821103836,3.841917098062339,-0.1383916354352719,4.008667192238404,-3.5092391897772552,1.2424024861557874,-2.080252937291476,4.798011841650191,6.891935331591532,0.843390980094851,3.561049429346453,-2.242900123798692,6.737175852638297,0.8902398787456259,-1.760815907551204,2.4746066240481897,0.15751723219599767,-0.42274073457080363,1
0.3737379728421151,7.00745360710903,-7.482376314450229,0.46934627733160594,-2.5144184830383143,3.351411960388231,5.458334657499399,-9.610779248012864,-2.1873677508033125,3.05205013347725,-1.852109185869657,2.571306424417852,-2.6887338492513297,2.5644478386938934,2.266091774476318,0.6438627507454144,0.4389272500010494,-1.768564106136636,-2.7741224154901207,-6.200266544716024,-0.03865260706371032,2.1081541590131794,1.4293838032839699,4.827881425603451,8.27474878057915,-3.6242021795601786,-4.304135623740667,1.3108060258939012,5.616966615333021,-2.6753582383421755,-3.0378036030060436,2.161799132321696,1.770447652187591,5.3944719099167076,-3.6725111022129147,-9.086102374326948,2.6182359636341315,-3.5251689167988474,1.2451486004539092,10.332169685625018,3.6685949287614603,0.8209428194070392,-0.37233758655008387,-5.735454130218061,-2.574598324234185,-12.250884807356945,4.813053622616173,7.563896712092229,-5.942960432159909,-3.449030225236277,1
0.39495637233221137,-0.35479584148997634,7.174266318010322,-4.413952371036334,3.379001517201402,5.717147413003959,1.8548372255914884,1.5434923786855421,3.0142723712779276,-6.43193113891249,0.8615500908619458,-3.338793941300395,7.953176126469431,-3.2435195008950215,2.8495852080557285,3.396493179113238,3.8701654418908102,-1.1299243973442104,-1.2174047023649177,-6.508296868948809,9.483687351994424,-0.29455244494535904,2.6845894601820484,2.6116795962071864,0.8403871120256456,-5.535224256948016,3.561515211476623,3.4948981779282784,-1.9031061271740128,4.348016108013448,1.37259088428573,0.6051998313645612,4.343885917961691,-2.723220040111188,-0.02456255789622941,-4.37717992371327,0.38767037309785124,4.99675307007128,-2.593177271017897,9.042190666614788,4.699881618665866,5.029201341888477,-5.30937872446609,3.5546011380495584,4.008232833451427,8.398819457191,1.84083484421577,-0.6700591007545742,2.13848565715325,2.29625068328622,1
5.144178724918149,-3.5321736937780415,1.5606559062495986,-1.513951744769026,2.5547472081666447,-0.2578912060675246,-1.0597783916125645,1.233072763496392,-5.241290667658017,3.752848409448827,-2.7319435660143996,-5.207395983109808,0.05606537544339463,-7.039219629014713,-2.563691679928329,1.8745347811816386,2.0654441481957195,1.0552079034782864,0.8418783111567674,1.4194592927281393,4.6972272848046615,-7.27379897701467,7.674907801847881,-3.1632708425603804,-10.796227419055404,-0.5826655849464926,4.53019864808865,3.412216644605368,5.642851743284126,1.154046777255568,-1.0657155037195447,-0.5671622734197361,-6.122148041527653,-8.527679765156215,12.21358542619283,0.06902055626083148,-2.8778982820093235,5.187607598180859,1.6842023262069943,-1.0423938071464636,-1.911493552772198,-1.3775561387846968,0.13663387219372125,-2.2436560111864,-5.167365483253405,-2.453724525628559,6.767661267301008,1.2807712306856498,-6.240392086279328,0.3357375770403086,1
-0.5293151217938585,1.037066527547792,-2.0518678780472523,-2.2874933024191,-3.226772002904183,-0.9413674451174131,-1.5226572506566343,-9.545929504667411,0.5866403055194063,-1.3643951791421483,-6.558209560339286,4.24110505120328,-1.4552391473334243,2.9968357756941453,-1.8266722111102696,-0.6139034379250737,-5.630003330883699,0.4856560281060074,0.8548858122685903,1.5608095916441402,1.0083910636821136,-2.711366850313854,5.66879930723922,-3.7971626613784677,6.520984916205775,-7.048576172915421,-1.0450294585682562,-2.5502050643369887,3.505212973193662,3.410568250607472,0.1450948553139051,0.578130779951415,-1.5171464324577055,2.2729610771969924,6.084953089674805,3.8110712894493846,-5.706007996313739,2.971258795041785,2.6486120147855616,2.5496662761266418,-0.8632214584555475,0.41667059315083566,-0.651000959005685,-1.9456522837949555,-2.4763970143138567,-1.4472358759129174,-5.640258048119121,4.647879176920032,-4.469035546294043,-2.186314547152696,1
1.0317558554224804,-8.010110286390837,-2.13209708380025,-3.7902637246669495,1.2763962571467307,7.910529865931401,0.8845554865766669,3.30086021525985,4.406366719468864,7.601553873837281,0.6336319690287082,-6.402851909215804,2.251797425680052,-4.511915676664161,-5.582190768783501,13.090234938247804,-8.311170413498397,6.905045833516523,1.7450174615461136,-4.557811728569599,1.9349203541569793,-0.6457107872682115,-3.7582939177821473,0.561967992110022,1.6813429634899184,5.417542643266849,8.588614431497554,-3.890674373732473,3.9757584625195643,3.1816765748847757,-2.9807233251061938,-3.428381276944391,-2.9674232659430455,-0.37865641359424707,-2.34913738168642,-2.820069784618844,-2.7931623219964807,-2.097241456306532,1.4842243661390189,-1.4350359956738041,-5.969771104584147,3.643562924097888,-0.6342752444326336,0.697900519930376,0.7186343084223858,6.602741728229092,4.181057828822219,4.82126813790499,0.18524034671100587,-5.686259748840113,0
-0.21464715961548064,-0.18314974069066148,0.4962613292949518,2.878024350539465,5.487390341184629,4.398367613115409,-4.67751075937241,1.373263577391269,-0.34888798483212113,3.8592262839684466,1.544439977435267,-2.8295006337218953,4.704754037792807,-3.647530998192582,3.5411636473139434,6.140544891511189,2.2861358806610195,-3.3722790510430567,1.3719358710337923,1.2316817451205357,-4.973671745425829,1.0012749567827735,-1.7371532970845667,-0.5168727420010781,-1.568753012951205,3.0623064013902614,-3.9158488917574132,-1.6442978628828553,2.400248333442506,-1.426907559437692,1.4193560094951492,-0.7582798848845245,-1.0880779672729508,-1.5357145574418987,2.2911929963712785,3.0480891383276485,-3.4791514141677635,-6.153992638625493,-5.406841035929849,-2.9746203691699256,3.266452696368752,5.7324613302765455,-0.6289842441389562,-2.6197231529242457,-1.552436435981149,1.2366235248732824,1.1043521232745448,7.93012633605184,1.2948440480792658,2.206087867605795,0
2.131226371228604,8.758077993770057,4.50525102366148,2.4954803207462044,3.835317488902698,1.3195252154808288,-4.90583612334614,2.524648778112992,-9.241637007754752,2.2264216442946587,3.341818272691129,1.155902892494645,0.5955796863098068,0.8561417452903917,-6.105754277889662,1.9993590803690635,6.62062031252249,0.6668393118668849,-3.1981332485311103,-0.4997255911748528,1.6337894010778553,4.072668656548687,-7.4611924178087135,0.5691029776484182,1.6840673189839368,-6.56758329340556,6.752648914572481,-4.8570321538492145,1.4302374873755324,-1.5955054153242014,4.2639911551283465,4.764908389312028,-1.1640483970089681,-4.991090599198166,1.4964178792716587,-4.874873970318192,5.4909209757762545,5.554698202507343,-3.4012196682787073,6.140529893366786,1.3361505346085756,2.375751984776711,-4.115642065424103,-0.5611436036081505,2.7574316910207575,-5.213439926966515,5.214715267932571,5.27771375951094,-8.745080741941946,5.350147921820467,1
-1.4434928058386585,-2.1959793004576964,0.5941519043846855,1.2116896426326065,6.464877766253287,-1.045547733562794,-3.3387380836701195,2.7484550288583085,-4.708451611552947,4.12012845285218,-5.294987871632788,-2.5264830981664996,-1.2515599868831577,3.169458995361465,-2.303029825461094,-5.090131474869166,0.3496270369390505,-1.5827247984087982,-5.784065628336355,4.164383888934576,1.3649516752045439,3.2896451102691895,3.8843722329600148,-0.3940597479825996,3.4513206407563226,5.826921697709742,1.2317448938978306,7.931779276108563,4.369669088169056,8.162307977764957,-5.8010043018209085,2.6912221486065198,3.118781160080899,-8.503354543903063,2.779077787436874,2.241944012476649,-1.0286021719110439,0.546047393203591,4.3347992961690265,-0.721476437604986,2.778115930580767,-4.354890028461712,2.7328491640334986,-4.046459191034647,-5.285052433217883,-0.6902423310109285,-5.8481663139146995,-0.4998929890832178,0.923917690211898,-2.327339940517135,0
-5.910898919221538,3.6173193560030334,0.13619315385121045,2.997628632523825,-6.172669280702019,-3.9277212554447622,0.12214623067020891,1.7783805872967524,-0.7494294346002962,7.964449493917756,0.517298757277655,-3.382638211331122,1.2382863266254,-4.03401387447368,-2.6091343466088173,-2.265386339129052,-2.504607802222497,1.0900551866852448,-3.032899796011237,1.0050485597692251,0.8755043772909864,-6.912588733999183,-6.00523429276876,-4.36987874339289,2.3311271721324363,0.25967445997354854,-0.8649172235397287,4.050306721664154,-2.179509266992575,-4.653394778549927,-0.3901362074446628,-4.695557464753536,5.387769507551104,9.409172017920646,-4.018555124683309,-0.7598694766074285,0.051780416630770265,1.9333591993786694,-0.34834409415563994,1.8952913043436332,-2.8918161876070534,0.1866913056709495,-0.6518914624295072,-3.987677228396597,1.7545304406203717,0.30993550390289804,2.3916505944597,4.322949522777342,1.8558770543603123,0.2869933155424519,1
0.4994752512292372,3.61464386720077,-0.9809555317922911,0.9361985771923682,-0.5589695928701003,0.6670953761078497,3.1842559839143654,4.026963922153691,-2.8473142659984365,5.614473722665287,-1.0651321512883383,6.787223813524218,6.261044188981873,1.7080734076583317,3.4431198908071536,-6.369428341505217,1.044793302638251,-6.89934149211342,-0.5008979697079654,6.24357948498259,0.4080258078794212,1.8207273809990019,0.48753961258558964,-0.46456598884796296,5.98427462133067,8.23227452019199,8.25390889886097,2.946524845416297,-6.945806236138029,-4.042173289572217,0.43986134339953764,-0.32393934041643135,-1.8888362660517721,6.535962078347555,-8.471014758563218,-3.1116946582244815,-1.5532899913492089,-7.1192178117297455,0.7522621160584579,-3.985731490929499,-4.076718728526756,-3.790384216764932,-4.822779511243377,-0.870037709079861,-1.5181210651083958,7.240852379333576,2.128116205118121,-4.8232222776560985,-7.1045456372735,0.4745916983755485,1
1.8211675214002594,-0.7029073185118417,1.6094059403173024,0.27980785019953003,5.603247219679946,-2.7863326025852406,1.3827925040555582,-2.7735340755954025,3.7211617708046383,0.8976184645362995,0.4186773730965747,0.5131850754387997,-6.530049007533753,-0.7392893706132933,3.7677995056063036,-4.861785127576579,6.201452366224841,-2.546750761360842,-1.7168251277115973,3.162551668474875,0.20950497533094092,-3.3526368056098033,-3.18052558529328,1.8535105381384045,-5.491334719061206,-0.04326490421383988,1.0273984189618524,0.8564688577191482,-2.234856046945634,0.3340718505714503,-2.2080401237664775,-4.256246923291822,4.926025561541554,-2.487492162427581,0.5907749844905381,-6.111830008790241,1.1328695052555926,3.2379373679798,3.3799297494906684,-4.679776126746146,-4.232992137182305,-3.1566497430462315,-3.8996217133118645,2.5249541706405427,9.456852515616784,-6.629181231785251,1.470697841967885,0.24593915356558615,0.18859021777498497,-4.095429253512567,0
2.8954840778410555,6.285687030109995,3.2538624629125277,5.587564114100516,-1.4642136710583644,3.9320895645376015,-0.24258261725624664,-2.0467114819613825,1.0828012815496861,4.376276803950134,-0.8524007048405444,-4.029428376957727,7.536553082594976,-5.4807137433188355,-3.705279379390179,-6.721574703201438,-2.339411344348106,3.152396439702142,4.79904667253567,-4.931087388510775,1.323227930466948,3.012223181995977,2.6672909826111963,-1.8747389654394382,-1.8809223339931636,-1.8786968324607982,8.171803933763105,1.048468778074863,2.030600068536385,-6.038457359932566,2.331212166196634,0.8519697653921894,3.520414528584248,-1.4378215890542791,6.113669593281633,-1.073789670153399,-3.785894217785499,-2.9638813363646572,1.341169346205759,-3.2533107680437032,5.334871006013886,1.8414726564170074,0.4747308445351015,1.7988801586193865,3.390696092035596,0.11855073690034557,3.059292243711454,0.04425881732696224,2.209751672191598,6.31324391968539,1
-4.836321877747789,0.5899698170178379,-2.88423534494083,2.1045480113319814,-0.9218251946645251,-5.095735486091221,-1.4346996330953161,-0.5225247965039446,-2.4039174135558934,-1.0376514434939659,-0.7903185716540262,2.8079683265185746,2.49950783174182,1.070923805556869,0.33441707203112203,-6.074247705910438,-1.3362809391392747,3.7343575350526854,-4.065861708530646,-4.101388185688664,-1.7280416350215981,0.5333694666324698,5.1940365264401915,-4.680644012925675,-4.2714783252536295,4.559043154024705,2.6202665686311395,5.685434215629378,1.7332116510504898,3.6556509919880025,-3.1663267765315792,-1.9222082840259191,4.538059590427482,4.570423571634624,-4.614427961560921,0.00903793895637972,0.7353047617405402,-1.7448645760941983,-1.480143468295311,2.3621299415695534,0.15776357518210216,3.7150226554218984,-0.5717651105557011,4.26169235475693,1.5715471201356848,2.915193120777582,-1.7741792175182352,1.4640168666579085,-0.13970435005294324,-5.748016440645109,1
3.7958724590039816,-0.03708938935366812,-2.705267746441975,3.046650583570309,-5.435187841193085,-8.36108306755893,0.8911114943313696,1.4455659312417757,-0.29610909949270503,5.12854386336797,4.364470919139827,5.061514280124051,1.8797014449922445,-11.725377070286509,2.3765208597197187,-2.6891430431657692,2.1371341832888424,-2.1873975637091165,0.6506263515689501,1.5006011614112995,7.357101523824165,2.1186555452999785,4.059794990610348,4.684495377415395,-6.013448054143636,4.258765210412033,4.141794328551176,1.626643280061213,1.1841504782296037,-5.412966620445306,2.490171763866366,-5.067613388803933,-1.860559356206939,4.022423577738616,-1.5694066274713032,1.8803973190575882,-0.3877997863088165,5.22551588399157,-3.7276150986811065,2.0229697209837765,-2.4155387862663975,-2.603962851056151,-1.437398796751211,2.796094478299775,-1.0976563794930119,12.168861285491571,0.18359819846153191,-1.5255289353604797,-0.19694427920663038,1.66199020045892,1
5.204942054525225,-4.264266061630886,5.366155633348504,4.897492991789769,8.918312727013975,-0.4286299257226629,-4.65055782281753,7.003535282563269,-4.017040067723336,7.49031949773478,-0.28612313874883144,4.754736730703858,2.038782009606956,3.452424898507832,7.182414786923052,3.6759621809661116,3.2409535664081397,-3.891331421080615,-2.384540951827267,-2.380182473895471,-0.28995727159940077,-3.1821498891110327,-1.8097809171756636,2.047420049069487,-1.3155287704489953,-1.3151913934748072,7.761005989464165,-0.08487845198541644,4.554888697578368,0.17851010683367774,-2.674683497909963,-2.7766723135282465,6.279565132665055,-4.251247783062459,-5.1270137559171065,-0.2917360646983336,2.0698712772863734,-0.6597543665743624,1.0696216078626,-0.4236443905538285,7.823308118605523,4.407113265053079,-2.995170546537985,0.4453107310321298,9.137386857375914,6.9811639263633385,7.226170760971204,-1.9869101347988942,-4.357377720861701,-2.849852153152404,0
1.9874575614405239,-3.3921569461187966,3.1897787777773052,-3.6183397612602968,0.3853084537167768,0.7197582210771887,0.27436148552896156,0.16080026723657315,7.458548250924443,8.172394471531074,7.163853551391162,-1.7030748029822322,-0.41197556111238254,2.8160231640971687,6.843436248595832,0.23928732450820234,0.6850290362352296,-2.75481791856204,-9.028449945866683,-3.5829686680290607,3.186443132045352,0.9359354073190047,-4.856979808600636,-3.2819459572204046,-4.164836996863789,-3.935922176482233,5.003421336193727,4.058080214174605,2.808396157926635,-0.8527519476778562,1.8656531216568424,-1.7878215931287524,-0.47086498269470867,0.7014796716307932,-0.59448722043697,-5.474608772207997,-1.2667612870702034,3.8090583099833966,-2.6703982198214318,-1.1045471523133767,-0.5006058733699222,1.954293925541236,1.5839717471628951,0.5371244369951809,5.76436483506062,1.2983521310042683,3.7267869244231906,-4.637816101220589,-6.143007961062131,-0.7148322875939896,0
-2.9040178129959124,2.3258184154790755,-4.9684500200507635,1.51080269280508,-0.8222875507566617,3.2476560129585588,-2.784696559416687,1.7073323829513942,-5.841757609575976,-2.321602839779582,-10.48938475598526,-3.152161550940116,6.346652522779596,4.287074266655074,-2.669420886369623,-1.8172801030922436,-0.32938323989726803,2.6167045270533364,-4.014177499116338,0.4305136999571363,-1.0165072845872904,0.37664615823829184,3.475075979497064,4.3516109291697305,-2.7288817257794866,-4.001978900445959,-4.2703641933969765,4.005777489232351,-3.279299895960295,-0.8227043062406721,5.518607905160983,2.21937429778724,7.859124196011255,-0.4837445955912676,-7.257054658687143,0.43348290023973113,-0.8405745716988866,-5.225353059922999,-5.6956301663818385,3.4168219499081225,7.893836041970032,0.37319697496776194,0.4643418283442997,6.6193433949137646,-3.0851485442880167,0.9234608583758027,3.5081270114269842,-1.9717252851047777,2.904721168408652,-1.8011862827452154,1
-6.81917146769567,0.48766638957313935,-0.8963561035460367,3.394266580957173,-7.752045270113491,-5.239996328974621,-10.579733884905531,0.43803202288280385,-4.750351879325555,4.093667226569885,-9.323066557237707,3.4192735095795905,-5.160494714330208,1.3114314267764755,2.8608733577579013,-3.692387989627344,2.538786283708249,-1.7360847554491916,-3.054305816894905,3.1424745402410728,4.5141473886971095,7.125734278525334,7.675982973528693,0.3120648445089155,-3.439609504235471,1.3253919746368927,-2.092205084591904,6.140739734125564,-0.49058303554702876,-0.42981284863900093,0.48235461096093724,-8.468459463202407,-1.0429666270776672,0.24634568978608806,-0.2553404838501957,4.6993697221280675,0.42386993376218496,1.526542850293553,-2.8543480301685964,2.846077959211409,1.7259561432499617,-4.439827092068596,0.37960060821730335,1.706492873265279,2.1284990280758462,5.077640323881202,-2.595304059750818,3.61363508099655,0.554546878772445,-2.395575167188957,1
11.088618537942272,0.3088023930169346,1.1989304845677768,-1.4049549950816298,10.12731784930263,3.4516966757195897,3.1517844466735587,-11.346624726435032,0.5076775389361352,7.826968879114252,-5.622242837429265,-4.025765043228395,-9.209832168586727,6.75954643436804,-4.562857321536719,4.860266289255657,3.8273298885265135,7.14697607588425,7.426680392953107,0.00679292380223262,-1.192307329924783,1.979405143881765,-0.03439299443170074,-3.424461388722753,-5.323035746010443,-3.6017790750975567,-0.6192190672260203,5.49751662243858,-0.5025888546775164,-1.577707797538281,-4.296190360376422,-1.1649983356974487,-5.025621356756823,-0.9003823938583351,-0.819295268338464,-3.530018911242566,7.105818720854245,1.0107581720577818,-5.573448657879826,3.863997396347627,1.2662016276332801,6.206133595798046,0.9027126120392377,-6.712492724536976,-1.8287893323429572,1.4259306210325722,1.6996968888115103,-4.861715848641062,-0.2961872881781783,1.2742059270026367,0
-3.9039364309429976,-6.04459672676876,3.810986127133737,-10.379087825083678,-6.10471025243945,4.983339615422375,8.681498027496804,-1.3359114912494172,-8.298498852255959,2.7253045932483166,6.748829085503251,6.288743522718345,2.5724140756548195,-2.9544267640077573,7.714381343333251,-1.1821105441111524,-0.7222116699808718,-6.533268558408549,-3.143496487666429,6.933623331424212,8.150997600036497,-4.7122931714619405,0.4549033868923966,-3.601368863809112,5.1458495634502865,0.8143122002922683,7.131675876279374,1.7754229028902277,3.101228030028989,2.920680813903418,-9.050718559985649,-4.374598338988544,-1.349174845428979,-1.259246363354769,-0.2118804101615872,4.920435673171867,0.39561225142770606,1.4193340574140367,-0.8358622771664224,-5.847974513237868,-4.420801478536738,-4.6435683576170685,-3.5788531023462893,-8.165186688566632,-1.7782735217200951,8.529252322697536,-0.7382592625226467,2.6828317959517114,5.680326429821572,9.880344242243869,1
3.2565150854492746,2.0223233730840016,1.4419884995455527,-1.1120182284210478,6.183941613421363,-0.9344995521137178,0.4674693616944703,-6.458423464654086,0.15652880766115296,2.3361221340351284,-3.9581079131137216,1.8799963745857613,0.900567727462033,-2.7030135696162274,-2.731545160369274,2.257121208309637,2.233885815843618,0.3787636204183078,5.634068533860549,8.661122996744409,2.865171351487934,-3.5513646746602467,-6.98529261232384,-2.997879325234205,-1.313774147748331,1.4364644368340755,2.736575927591458,4.108269672210973,2.755949082612324,-2.4017310639400358,-6.062405614044423,-2.2740271328975443,0.3470002717243592,-7.90045918489441,-5.002437930592405,-8.851492563488463,1.4667975592343152,-1.7008002310509145,2.967522460341058,-1.7793856320141135,4.302484676739624,-4.415899590116743,-7.794002861866217,-3.2936469085132067,0.029428310478958886,-3.7508835577001167,-3.1195629262305884,1.2475606600239904,4.548059617344281,-3.2854052116384334,0
0.9075217178338977,5.361025150237331,-4.045297121095199,6.190806433825276,-1.7971846561968374,-3.9064140986534825,1.2265905857032533,2.839324828507239,5.748750284125726,-0.7621540757608776,-0.9926950274022948,-1.581440264472906,1.2108355780064546,1.5541849061628223,3.4364050886441424,6.465665197824236,-5.958824071323245,2.2535768310316353,9.343097769326535,-6.96938749090372,0.08281127128140953,-1.309822254094385,3.06100625173804,2.4402685102907022,-5.028050453390428,-3.207177939873998,-0.5038815179834089,1.2758522307088938,-5.843418107332851,5.33550442062224,-0.2839935192127909,1.3445021779225854,-0.32906219977426887,2.2944741277284466,4.6135383096896465,-2.01078144407319,-1.4447540803347128,-2.212008524427923,-3.6050008902950097,1.7395501837428942,-1.902088483641356,2.6768910733318116,0.7316199688521159,-2.5362294813921626,8.222773085915897,2.264433797035922,0.5378739393824533,-2.224503859161091,1.5362517855728748,-0.27400260472728855,0
-0.7607443326350347,3.9337038413042453,-7.215663739142928,0.9293405312601146,9.1993828171608,5.377480632268079,10.283380224915378,-0.6748081844131193,-6.405568272023496,-1.57763164679817,-3.9510604513660894,-4.7673713844475465,-2.979707784745372,-5.2683122458000415,-2.2334132818465466,-2.513585109906633,4.360604056831596,2.4395673321844367,11.2690367973834,-4.779443278067777,1.1629769544526127,2.1761006113629335,2.514982689149861,2.1163730283462145,7.5430078240008935,2.6278501143549664,-12.057364065414866,-3.122229383684202,-6.293385277539025,2.169532002683943,-6.193007660834345,-2.8366901706180894,2.17581230883236,-6.924580384962038,2.160101931946381,-4.3020029951299135,-4.315480122254299,0.11300673267356598,1.6008395400164144,-0.06418375943591226,-0.28409133125747454,-4.999625761979182,3.274834988693633,-4.624032896155146,1.8611214828447236,-1.0894726204967002,-4.837278944121207,10.965446088326326,1.9541158077392184,-1.116563847820514,0
2.4081131838691916,4.200481071216648,-1.9907225735329594,-1.251979308502684,2.9798273463822276,0.12081197135139443,-0.369636372509095,1.6756774965226255,1.0954020142435126,-2.4102940601993006,1.8739814567277269,-3.5731692294839674,-2.474139181309559,2.5854613589232165,-0.4384639362495062,-2.011540560463839,-2.4806386881470917,-4.989937753381243,-0.6406616613726559,4.149758301945375,-0.28892186488187277,-2.5705013903346035,1.0264018598559983,-2.2465909557368873,-2.9453297616566463,4.674136941472647,-1.1229522306235085,3.8114729379365735,6.918994145471414,-0.6561764650592854,-1.2770369480160735,3.1386167022410105,9.511814294592854,-9.204122559693609,2.421708369775598,2.4008801169405816,5.951321558565907,5.135272494273209,0.8831166252637734,-0.4109973196916449,7.212470616151796,-5.001760330047948,0.8882902142877158,-1.1070206808524619,-3.270109622166351,-3.038099221094943,-8.322916751752068,-1.5544367234513312,-4.095748448673421,1.43808824260508,0
2.551167974888473,-5.813427052466751,0.3572475676723763,0.938951355970645,9.278048074437711,6.156426605170251,-1.0715456450124101,4.8908283816141775,-5.08105662035055,0.698445539621551,-0.14732036853439823,-9.203938565216966,-3.6735818426724043,-0.8318939341952869,-0.2514936306262643,2.782329245776884,3.515141094503417,-0.7018221366412836,5.283897814875333,-1.1556320911098386,0.6912485422087022,0.3177947284092164,3.1799741565279422,-6.78581980038858,2.293451543261107,0.02609252240754012,5.622732713643181,-0.4243401555462407,-5.252498203612506,-0.31457203380806065,0.6160599127723763,-0.7687312176039605,5.6195304974667515,4.777821869901953,-4.4134048532040655,-0.5442656286376071,6.436647604677903,-6.920169187504328,-3.0237657740267485,-4.412788420764076,4.6325062481435495,1.3988538047236496,-2.9532294688129745,-2.4284897547451276,3.0526439748275784,-2.089563945414741,1.3427963861925305,2.1003898082436248,-1.471636816369797,-1.0733545670325104,0
-2.776599018334303,0.8907155558214648,4.8873004686100465,-2.065524987879759,1.687651200212445,-2.353227133354795,-2.48774237916256,-1.7071658881918323,-3.4458722250458376,-2.5835548065233187,3.186946879243659,-1.7639906716621194,-12.48916106054663,4.105123001773539,-1.6958298546907642,1.5582997001133698,1.2133971959683587,1.011987127749661,6.421424330761955,-3.8214843726055636,-6.3213841040164604,-1.9521523601596276,0.1609901984288844,-1.4565041917780552,-0.4352252079626847,1.3116909701242356,9.067925721395776,1.252296624907919,0.5587599591640791,-1.4001765645773818,-2.0778832043547055,-2.588482609073413,-2.4358828319924655,-2.6241160788345206,-8.612540237049352,-6.727046401141067,6.2048687472551896,-4.9439098272460305,-2.4111315591012916,-7.931658200430995,-2.222728807463589,3.777274673601567,-2.5403430363664965,1.9009889180815112,2.470831480773663,-5.551232298949255,2.0807894947504098,-2.4255715070283976,2.2431969569068864,-3.14156281488607,0
3.9796027099399516,-2.101003547241966,-0.23167813269450255,-7.417270117775637,-3.4245548993707207,12.645162645867083,-4.180045581415139,13.540353972909731,0.6154004455389408,2.254889793277284,-3.833397979476177,-2.877183057251708,4.970638908770065,-8.414539602097541,9.568391667350987,10.800382607148826,5.227324211003386,7.033528507088372,4.475406150218911,-7.904209989651326,3.2447618607100894,-5.529966591355065,-3.367351219511692,1.1118344212520337,-5.459337706027654,-0.08013635063475122,0.41098544447559726,-2.966915269164141,2.4700750940662886,-8.002173410339445,0.49172629789619715,-3.8341200698023545,-5.697031213098957,-4.979314144028979,-3.737376262229621,8.046421344915135,0.020908281198119383,1.57044494390645,2.5901183497259006,-6.1059286076200125,-4.2366657963917485,9.765155693315053,-4.000616910958658,7.181087008309369,-1.5557701008198512,12.3328146853237,-1.8110281729266846,2.0077307677205884,-2.3824911788184573,-1.1173959692214246,0
7.564534124926493,-2.8210918769203923,3.10296052774882,-2.916759972836056,6.639385203633249,3.552679182741034,4.474310393898966,-5.86356479328547,4.138824255792164,-3.9377918394302878,4.203461187193772,-4.90277014341296,0.16464345725919838,7.447668598703685,-6.85152652341746,2.5332396289166264,7.8418289614610135,4.668953024880649,3.911488587014453,-1.3879870698211854,-2.580236436530461,-1.4855955753233019,-2.6627283163666298,-4.517740920627164,-3.1754137511754106,2.0947758268442587,5.437230537804649,7.81760511738595,-0.3903155845356664,5.407266732140197,-9.596470375949448,-0.9619556364662627,-6.2104680925729205,-0.012212749478731855,0.38465299377107764,-6.580779005705893,5.283054723021058,5.92715513464936,0.29203715032882527,1.1909798887932852,-5.382344906677729,-0.5349560112713174,6.36783687875572,-3.535809217876997,9.320643394104087,0.4944458196299475,1.8062972892367828,-3.137523810762863,0.5007331424498762,2.083762612865228,0
3.313001168660331,-5.122572326196369,-3.3091123345393973,-7.7781486077004525,-2.8282638116527017,4.615960145002609,7.633528891305955,0.8174470116043104,-4.397585401107841,2.3620106580907967,-1.057209899653157,2.672359503460176,1.8994786206568375,-0.7522733002045812,3.9367754063728415,3.2991042687523464,-2.5601429391755075,3.6805340735853544,-4.695693895088047,-4.7130624514894555,6.070471002655932,-2.9318077835534004,-1.2387516220879777,2.8340427492309788,5.816211865879706,-0.3792671155072145,3.1847226664527932,-1.2274739479779182,0.9702635025958934,-2.6302855187814895,1.0506321018582654,2.2958304861812393,-2.9914995745461526,5.970963609603362,6.075357712259848,-4.3398192319357864,-6.4984030300242415,3.030813622181168,1.4499668045143017,3.6795908813031986,-2.304307989412478,4.765215429370418,-2.1474835228669766,-0.01277564357963401,-1.4258582852589532,-0.15356868879603547,0.5314973111126267,2.721334385552578,2.306721283617646,0.8338324764120602,1
-9.944817250482908,5.532311995850893,-3.6634175846285117,1.3777145984801493,0.3888597331009025,3.0783562043777764,-0.7237133203703574,-8.86770171109779,4.12885677466389,4.77807771457257,-0.15479281256352917,-1.5728194005039158,-7.371755838150498,1.3653867734732663,-1.2963230727618071,-0.5049839626471537,1.4261157860562452,-1.398621783139462,0.25723068868182697,-0.4638123842869539,-2.1128182478275326,1.2189257176285908,0.43889493139081037,2.2959702604381254,-6.685595421670445,-1.069385547784272,-3.931171212919062,4.866396320875143,-5.281789320818986,1.2016398690229917,10.733011476236337,-4.166826579756217,-2.422884361690661,0.8361711470809964,-1.5631614297218834,4.2627497369923315,3.639435706659908,-5.5624494798932576,6.855461106390976,-7.640183749871292,-9.893240115063845,9.116295654092479,-5.636175061781801,-1.9076484943219942,0.9316278010727961,0.1965030567888294,2.898947903633734,-4.80453753148584,2.5617410877163116,-0.06173292363426386,1
3.626091382664594,-1.4398572207882656,-4.094550566713197,-1.2636953475600472,-5.370403086596633,1.871325366937731,-3.8815626442139193,0.7277794903407284,-1.5332690060678225,6.158232951384095,1.9246105240287634,2.3076695084425225,-3.28155636158014,4.0649746107651,4.342006086568626,0.8859900770320381,-0.8952818715791988,-1.1459159809645054,-3.196481199258317,3.024140509696543,-2.933020839360706,-3.091408219762239,1.2787642412045583,-3.6739930556451617,0.574434028374369,-1.6658760483320254,-2.54931727322104,0.45255112057986424,6.385232696776024,-3.3739722467744584,-0.6601690439634496,6.01748355584107,-4.157285873385364,1.4952321729728202,-4.024855677888821,4.47310971058506,4.16875924419498,-2.533435643887918,-0.38721556093162024,-0.15268186790176674,7.236241625980135,3.3050373211024344,0.7597332408355975,-1.3420217618198245,-7.622726643007657,4.316917639548609,-3.819656864208933,-5.81868893647002,-2.843832161748409,5.532171457654269,0
-3.823906078473111,1.4445828558675715,3.52160751790547,-1.8744849814137399,-0.9198150719687213,-1.2587187010114342,0.03432694045113405,-5.819400029923237,-7.6934152842179895,6.376551082071784,1.0116806202616209,-2.9153564818990167,-3.396417350871951,2.070892891541029,-4.861236731662999,-0.8764140907293081,5.037082620684809,-1.5990365000015756,2.7101735948893686,2.8216179630238023,-0.6147095234822701,-4.103648757326577,-4.928049596858839,-3.533471623987582,-4.178261629573328,5.16083397908581,0.43786895901493084,2.0705963578880437,0.12904656754220034,-0.1902272678622008,-2.1623072496905196,-1.4722517619698272,-1.788618245871704,3.657809136515552,4.13300776172186,-0.2134703698109437,-6.431572606889145,-1.1253131236911047,2.769344420030311,-0.8427041796826642,-7.243840714646693,-7.711020616169984,-3.6993772717198032,-4.580320756089205,1.6006041789352339,-7.03586583436949,-1.702025063358442,-6.139712318927019,0.5103263974284482,-2.925875462791396,1
-3.3263823634500556,5.653556043291547,-8.128138087739003,-1.0106938298430685,-2.0104069583911675,-8.395708285162016,-4.110707630042389,-1.4400606004712544,-5.58888687220809,-5.217690603115356,-0.7768504272317662,-1.49487764139247,-4.820065273776825,4.811931074404566,5.2003266780191675,-7.3347097386238875,-1.6879557900484725,0.24064780323999613,-5.339928663373555,1.0060217494658894,-8.42828117534254,6.175198073993787,1.3094710070371922,1.4082479341168679,-0.7861410442781294,2.6708159481774523,-0.36294494474870054,1.105941447653494,-7.851237557460319,-1.7286772701525508,3.3372578505497965,-8.600778617325865,4.432739190803883,0.39487826363392353,-3.482180864296558,-1.9406306810720282,-0.586994168606464,-2.2481622666842114,-6.08121290821565,0.5017048992073123,2.9568452366360694,-2.6402438534832866,-0.17848006400386607,5.402131905638856,4.167213878124538,1.6869983436622755,3.9758777209348892,3.951502547037823,-5.460389344588956,-0.48032929889838394,1
-0.42048470636541746,-6.404812574746084,2.881049641140759,-1.9204114496454987,-6.260079866742894,5.166772152299235,-1.905670832364002,-9.829623326335835,5.789027844613863,3.555657190348668,-1.2831074184498616,-2.9604134587403683,-4.619355969321189,3.699096770918657,-1.5947923179881631,-5.36691804122472,8.945673859501042,0.43284122732200125,4.995755730986727,-4.335981879297332,3.2280105153637257,-4.087418456039547,-0.3106357614244494,-7.5978947074400915,-7.672026417740247,-5.33622478695127,2.3166546890866497,-3.0253848256294145,2.050703174523558,3.044748799740134,0.3533131234904572,0.4459714784371017,-1.6800252208574533,8.700186913398968,-1.3885395705386356,6.8325773769457,-7.744761552484877,0.05293511452269961,-2.6531934373739183,-2.7077196583111016,0.6580773748824131,6.613783218097921,-0.13046366014773803,5.310132437852507,2.4158872744409585,3.7936612706594395,-2.911100425694558,-4.043473775756261,-1.5446248563411464,-2.6809219713049344,1
-4.2812300630552516,-2.2023120832662504,-2.7846099605466086,0.4442886898330042,3.141209716637677,1.4257543209816579,-4.062320555784924,6.460297393057443,-4.6890039366517104,0.49663786362120466,0.7267220792472702,-2.5619725933385085,5.1018238237703715,3.449673617808208,-3.2349314224247627,7.539922127688215,2.615574756988421,-2.805301812502283,-5.178088530105743,-4.084398966741912,3.9592983181763746,-0.19784373674443745,-1.0931939849335943,6.303403710842792,-1.5864118080635818,-1.1252498077030653,-3.542816750205092,-1.8274000187309676,1.1834496557982122,-2.548196288782076,7.004436333023014,3.9459174573589197,2.9851623802083527,-0.534550735669161,-5.684096333571703,1.05441643953069,-5.081712802416042,13.575471731874835,5.45380305671898,1.623416584504005,-6.364776381727304,-4.216175307119107,-1.493323757987483,-0.0313808029881969,-0.5154836005202175,3.2666712438698466,8.082283723733976,0.6399394319224692,-1.610710484659356,-2.2856428044148718,1
-6.321234764859078,-4.7861674416618225,5.226978515728498,-1.8525117748833977,-1.8142111598972646,-2.2257271318013765,-1.7674387626295198,-8.864106751355271,6.363903577615775,-7.24298861375406,-1.6750281544749868,-3.4097641810223567,-10.409384007282508,-11.744946722053333,2.7828269302830555,2.166775991921999,-3.5855161735116354,-0.7533269741443729,-2.885591774625855,0.7011285878808711,-3.460927270177238,-1.766616445804437,-3.309811326969375,-13.082362239826937,-3.293523523163636,9.744095836992296,-5.316095648527593,-3.6308601285635644,-6.163489993318047,6.20483503087705,8.238776015527272,-5.509909111253638,0.7018808301486408,10.315162874506429,9.62602209324482,4.018368357511262,7.084693979630714,-6.5783771009106,5.9423229141958815,-16.94744919057581,2.754289637732964,5.350436043923927,-4.323938390525722,6.253369608987792,-4.392700941367753,6.900810881654337,4.600045509059796,0.002991759423634832,7.6170049458955535,1.653056255827324,1
4.068608143510027,-3.7436592351545848,0.8570022731804257,-1.893756100903662,9.200999810179127,3.9202951194905076,0.10032580523188717,-4.499985137191096,0.914333113652436,-2.9401314325274317,2.3356494796462295,2.6658534849964672,-3.9184484571344456,2.8051017040289747,-2.0919775219418018,-2.445212225821001,4.307709825249846,-0.817407425864173,2.4183987175168764,-1.4856614032305457,-1.41944100617326,4.807449763208448,2.075400249838106,-1.6692200192534656,0.16784371554585942,-3.6816977240818147,-3.429391161194048,1.5220970627912562,0.7342831436054009,3.962218020893597,4.719175412100807,1.9798836755358984,1.3782707438761075,4.02686947971073,0.9800587861979182,5.23261406962617,-2.279708120405039,-0.8006191521773957,-0.44365241026038826,4.3012897137223325,2.17311188887147,0.7918548178282994,3.490007863928051,-2.595400052976731,-3.473994577402554,1.205279596002637,2.6293163674104987,-1.8236343248343956,4.892739159402513,-0.7005804857384728,0
9.519092609242648,-11.366383850314694,-7.324043430937108,-1.608427969502146,0.5533874065160088,7.0191224599159625,-5.593458714490689,5.693136495215597,8.56064668069078,-3.771115390924651,-6.038475016320096,-6.475042334373713,5.75428215211303,4.070809114987672,0.17752080816971794,10.11775284560899,1.716280157370634,-6.510294380504815,7.263353118237304,-2.206678619662749,-2.130433991462875,-5.22166512823643,-8.345126530617303,5.07464519924938,6.488349918254321,0.9681779693226042,2.495085272473637,-2.0272279188487476,-1.2648578850974195,-0.5452448897623717,2.2175299434039073,3.858383539469349,1.6498542008866948,-3.2820736673794273,-0.9627235981675756,5.029911064584151,-2.3089546847503133,-4.127413827889624,-5.442348826635431,-2.182447167488362,3.8121446235978658,3.625522468685817,-4.468965613330508,6.1000730348689025,4.501822515792142,2.4220661299998643,-4.223082040429438,3.4344992868326423,4.6591540494741785,-5.968073490328631,0
-0.020625661160210473,-9.187086951850521,2.026443474233005,-4.025174292874022,-2.8009294418620376,1.6654897756757896,6.541702540162753,3.79502802412358,1.7993277203498832,2.2022274037893768,-6.955581063657371,2.15916916181191,2.9408447981663275,5.588187622808312,-4.276276947225446,3.8842464983228164,-6.677007907644815,-1.467199352864432,5.425422502079049,-3.459178810727172,3.5632629076367914,-0.4977803585899305,-4.789014155827823,-3.3093806051389056,-3.017502574145908,5.626158899714589,1.2400285832046096,-1.8684212575883175,-2.272007047294201,1.2812553207977082,-6.921015655359611,-1.5021522566195582,0.9014998354723158,-0.693085525586919,0.9920457445680231,3.947954317156221,-6.974085603299399,3.311262257041413,5.217710484432818,-5.675092905352633,-1.1063602503658472,-3.0252397880060276,-1.238788755303733,1.10949601844931,-1.9136586867410568,-0.9635931629953705,6.978991027797031,-2.592251999935258,-3.5737234006655134,-5.158118248956973,0
-4.307129360868819,0.3964221636996035,3.2586868736517625,-0.6539846188725698,-5.29075433915192,6.295141640271704,1.4656352290537884,3.2872835597541967,4.611118664918417,1.8379521299517072,-4.299022999095525,4.954417904923384,-12.42597689713442,4.823262871315885,4.9758711647344676,-3.93711145989668,-8.835483165465002,1.3815991584074845,2.306442504946661,-0.8127742892272278,-6.566698585597081,-3.0826819447615508,-0.498537076162745,-1.0152462407749183,-6.334070940328667,1.308329661640069,2.357360511436541,-4.142104234526517,2.0027098764391464,-0.9020998903106259,-6.354089513096633,8.002691032774061,-1.0926001333482214,-2.0342338695496793,5.1862819463071865,-5.690676415693077,0.29007577914873317,-0.5073002074512851,2.013646510571764,1.2968808889826948,-6.723790668786511,1.8047924420848285,3.1914934834314597,-4.8139693210123005,2.164831119710854,-2.112555658993408,5.239844718777129,5.857520160461685,1.9265293404585795,-2.911192031180094,0
-1.20367587981417,-2.596817061310002,5.21697479194023,-7.36848122896507,-3.1694694190566945,3.1009351115832953,0.7477825289699644,2.643874534359827,-3.807077602256925,-0.9969500519593268,-6.87885421066909,-1.8724887321671486,-0.9942049590109252,8.536112189705326,6.28839639092505,2.987191140665531,0.7207692898236222,-5.9150210129264815,4.7974925228217575,-1.3921572513234723,1.8765084544414776,-0.8892299952042738,-7.668727243208848,1.6920916143725724,2.2961197821277755,5.900472411707997,0.5504887059598652,0.8304667827073021,-0.49083518789803304,-0.022485851593578188,3.955613974796493,-2.0088591917911716,1.2646630355010218,-4.142473787657877,-1.3588330412723013,2.806088665783114,-6.11962788022984,-13.80400863668101,1.0408156928084193,0.31599146589535043,4.776009475531273,5.522178665124769,-7.383098406712973,4.583075635163,8.478855974563766,0.24515631552181394,-2.424639736771146,3.1122421424018247,6.44949996112666,-12.524209819581403,0
0.7313085146440477,-3.1391382778977954,4.158880471839401,3.3090474424096628,2.3337979242912255,0.18014714256552178,6.149221191481973,-1.018597301829861,3.238055466752181,1.3948770408318738,-1.5045870476388248,-1.2655465076632277,6.880192777325659,-5.655963774671474,1.23749761235388,-0.12229724289507238,-1.7036034656251235,4.022756850918299,-4.821892807407103,7.1006145401901595,-3.162948825633495,-2.175317252477638,-4.53038603229704,-5.078848535281882,9.106983367631365,4.077409151121116,1.1830786515278033,2.6333122099015993,0.22455252335129972,4.169070106435949,-5.06705754191922,2.0212136263915594,4.974624258831281,7.2128691937933755,-2.621281138912443,-1.0704674699322174,3.3704983038772944,-3.759366579655552,0.15479348199992815,1.2353403867775157,5.188484324879143,-11.747926738852085,1.6523064252599218,-8.50604956289855,5.723412405595029,0.6244798006017898,-1.136766019718595,-0.7825762430807842,-3.003953357292503,1.8975336264664082,1
-1.379481700642478,6.261055229645315,-3.191391162477176,11.323283683440131,9.100261298696358,-2.60995518737393,1.6814989054519187,0.36190773920267194,0.07366473493741088,1.9730749771851217,2.603468575193581,0.8321166632129406,-10.581951354992555,-2.3746620344610094,-1.4148872889371398,1.5520235591787217,-2.888740214959856,5.482232679675195,-1.9914097655259728,3.734608546389392,-7.290754389547157,4.2753852125767775,-0.9257042982053516,-0.6703740366355375,-9.105984247493954,-2.6317938035996074,4.791845127340567,-7.508604606308716,0.9371181493690157,8.26080886639838,4.42146372226618,2.0777714638328932,-2.237032035173918,-2.175395246117164,8.837706767136412,1.2705180175239505,-2.101301542231908,-5.698026790715999,1.3378482262612148,-2.090412242928061,2.0905263294026146,5.67488135360068,-2.8449596220302173,0.5364714071318488,-6.443222065081775,-2.290269624988432,-5.541274362373697,-10.562858401418879,1.5067233560350903,5.573907030993328,1
-0.8110462827855014,-0.4767416220853944,-1.362950888196771,-0.15600245856254613,-0.5480134810836936,-1.9881768047417818,-3.5192619250090376,-4.326712632515395,3.0865804279030016,2.345799448912292,-1.4482690610992286,-3.4261625604960435,-7.464773195292438,1.010299915518389,1.1093539867409046,-1.681532769086354,-1.8838949193238967,1.6508944042417766,-5.636461340393568,2.911879356660323,1.992419762666398,-2.2670843644208456,-7.117956286198234,-5.775611582231065,-1.28149548814247,0.33566479516243763,1.6496717420982485,-2.1254822588321023,0.29945411890430695,-1.0953118903835408,4.937827699924272,4.147348255092089,-2.1752378022517576,2.491147747526238,-2.4201631607354486,1.2318546501795007,-5.437387193112885,0.36645660611654085,4.758890520981964,0.9431379022633499,-5.288372232964633,-6.5986870886619915,1.8327415104434674,-1.0310882475407759,6.4660317509178125,-7.786762376538967,4.054176970411017,5.405138336037522,-1.1357424439741959,-1.6238609801463677,1
1.5185103989919893,-3.3412983631320126,2.6222346339623557,10.425027973209977,4.0086742756548635,-2.33320437717977,-4.766328717234568,3.6244946693244735,-5.233533096982638,-2.765268145723445,-6.946033046637916,-5.4033867969905165,2.6225972610068546,-5.992538278828468,-0.9097688037830132,-0.6146874734278664,-2.904637639383966,5.92459407116271,5.765790272757425,4.9733049643102,2.1586038952544575,-0.2271377264137302,2.039491661842038,8.333113032793234,-0.34629917532135635,5.800392631890286,-3.9771919890449547,1.4679309754186307,-0.6892554255225152,4.57127323208716,-8.794260752848043,9.875673594441464,-3.2453491522494917,-6.587675106660452,-2.555036550199063,-1.7047144272644954,0.4271629869552793,-9.433000436244814,1.9807196895121701,-2.04012835115571,-4.214469717751451,1.9232971444800788,1.2071720586415267,-4.78353994339272,-3.191365938467493,1.8873861161383902,-9.868039136615899,2.492847128880757,3.169339910480024,-2.2350530040999503,0
-11.854774488842793,-1.103501040025896,1.148997479071069,0.028742895487129383,1.9555968968393855,3.2523337044433123,2.7214047677061597,4.952747736811204,-1.0076098325611558,3.2145520348361107,-0.7023564073282489,-2.5177733184471167,-2.423236561471806,-4.326026944955067,0.8905601577264453,8.23716327212668,0.6562174597579442,-1.0787651678730388,2.3422188209680184,-1.0743860518987653,3.2306571591088264,-11.019836095444571,-0.44711147750884705,-1.8648496308441573,7.43763450432761,-1.223323938560622,-0.46495131178228677,4.408626117953091,-0.9177910567603228,1.2260728039109634,-6.232146118482596,0.14367507296165793,1.0360095139420025,3.330586866715726,-3.4202347491662666,3.7450353703800507,-1.6660671353893974,-0.533011415822001,0.646834299296899,0.9473562628559604,-0.7117151076485173,-4.0523437503466555,-0.4277042733650668,-3.438825881235195,1.7844454388778503,6.972433695540338,-1.350049113490118,-4.329874872187512,5.325898397502634,1.3939772969920206,1
1.2430355616947488,-8.95187936467127,-3.436537005197739,4.8505556972353965,1.1107458195496933,2.415879347396899,1.7689018548822744,0.677861154905361,-0.9543856427316788,1.0284238534039483,-0.07241257404554924,-3.7668757887898727,4.899702732604721,-2.913875584948302,8.168872656644801,-3.469905935462379,1.012806038122588,-10.782650932224046,2.813817862948775,-2.4945019823406227,3.7507849285097126,-0.2162857515908324,-1.2473620447377607,-1.8205707076252675,-4.857244765365042,1.5098971555727365,-3.6448873893503553,-3.20258221695979,2.1508510290751697,1.9662076643220643,-0.43998611505798757,-0.826878199731663,4.765324934325328,0.18001982643209802,-9.026731596782598,-3.1594301319987297,-7.340510449287407,2.952576951349655,-3.0983842865956417,-3.3015945218863605,0.31497434184299244,-0.8716689453766662,3.5885748263415067,1.8036190405799184,-5.991516528310589,0.21561381605748076,-2.3708602057237282,3.487156133158463,2.707500164689957,-6.751540719895576,0
-4.266114311060511,-0.9985083571409097,4.935049357844402,0.4881439556156698,3.272494668773816,-3.191367872221714,3.6423254201955015,-9.431160701250857,1.0321478108919004,-0.10080166739645713,1.905723385595686,2.36717051888709,-0.7418893589102284,-2.444161346193139,-7.444046341226488,-7.728095815755781,-0.459269063033517,1.5487457597945407,-8.184009855577036,-3.2826836608442194,-2.75409094834776,-0.5129097268079319,1.3907557073752295,-1.9688257558215683,-5.149052401984229,0.1995083822376149,-2.747791374577904,-2.8876558930130876,3.1985890666382533,1.0102241152470672,2.6194423111620235,4.409050641615309,-0.6272549988027585,2.932821326371289,4.122384502523478,2.493836875049446,-1.7271521567449455,3.1699997917403198,2.5550165961437847,-2.1968319410244517,3.298023415211036,1.1743390520150383,2.975744046315859,1.4615283792287492,0.7070974202164985,-8.21538992443257,0.22450559511679757,1.730056095324744,2.51604554935329,-1.996240879623027,1
-0.27659152705169543,4.420246812678413,-0.32662217120328574,3.6619375820116726,0.28876458632314606,-5.217509295515079,-1.6619516247064174,-0.7099576545081954,-0.05824580033797666,-3.043818894522932,2.170581038432191,2.1894042364848376,0.19560783059101916,0.8839704533128251,-2.955074755774512,-2.5692948311411605,-1.1327082519011524,2.5505879902626765,1.6624837287313365,-2.206281211390305,2.0130177798777322,0.8410045093000287,0.5263548274843983,-5.2311284821843635,-2.0272268283102433,5.843418046183881,3.8646140930536252,1.623597089874164,-1.267024609524515,-1.940962402084421,2.655740502906108,0.2384204831596477,2.003449472068582,-1.5258350502536162,-1.2150318888415566,-1.5465425141320672,1.8713581918355597,0.13627251951174468,1.7509755217963159,-2.7893778075256055,-1.0372143511735046,-1.2471589346354464,-0.033113039851371706,0.8756696564342521,0.6302013650533818,4.877899404310199,-0.11993197633066632,-2.5948052677735998,-1.197389169147012,-0.008966991964153292,1
-5.922674322245748,-2.0790754891835825,2.357832920544122,1.1606466358613539,5.363649000066756,-0.25130037869366606,-0.2660181950090923,-0.5683283193628288,0.9994896593061511,-10.470376424878307,-0.6540687865458723,-0.8253485683864115,-1.003429800922915,-1.3674108559868394,9.13158330086151,4.862728472082882,-4.932842876095821,-0.8422675289817096,-3.4726772030936863,-13.682477745667665,0.9071884091518057,3.666454782401047,2.846862084450711,-4.712349379804166,-3.9909664018505975,0.8372949463613168,-4.929008113615172,-0.09718022216833333,-2.967724522591138,3.9367880407027087,5.028208406426746,4.201930527638352,7.235103731238143,-5.004735456905035,-1.7688628550976402,-2.0673259191158158,2.1313917140746907,0.07576051515824367,1.4295374211355936,-1.4742235236818626,0.6834977770366213,1.209150493463497,-3.2110410286129296,-1.9540068733121476,-3.1910765623908253,6.5027815173428385,0.758240038140577,-0.15097614161313455,3.8009171088971794,2.167850918191241,1
3.1453392513824774,0.17115327539127156,2.1618721046042526,-1.1026272728858943,6.132338544716576,1.3038370895971203,3.6408579782513613,-0.3867927054043737,2.855237110347318,-5.820681967252568,1.3120073694700625,1.1132710688324283,-2.7313383159253184,-2.1515708667879387,4.121692746435549,1.2643087607698873,3.8067891466351718,-0.3621295733661656,-1.6533283565789394,5.903459036293723,2.2437396192986476,0.8612537620827738,2.678580070288108,3.9221840017846326,-0.5815294290810087,4.100435450851883,-2.6432887166189687,-1.125213362169488,-9.56030525632201,4.120853383809312,2.1752638307522227,1.8822911390268482,0.9477100345726784,-0.7171645381646357,2.7497883460648955,1.3101400271019714,-3.4102945511583713,0.9286778871784737,4.130940325266484,-7.474691202986701,-1.566375395541408,1.5099125927381696,0.316919404973689,4.89710292936708,-2.773995102346205,3.999375869648866,-9.367182904119458,-8.066982489373888,-1.0286492406300967,-2.9823202071207113,1
1.6088725695898403,1.2439837667196207,-5.264761562377615,-5.429335882586294,-5.008568647288093,14.647455404932344,4.3927823842486475,-0.7317744578890086,-2.362621742751978,-0.3747797641557846,-4.727698630494075,-6.047420939292054,2.751904764671909,6.282285871114471,1.876109574417969,4.804924441740591,1.279416925792976,4.782791662136836,2.5872455433288795,-0.5800093462811164,-2.755017589339374,-7.244108112221566,-4.2817065251929955,3.2409179125592646,2.8225724827411374,-6.551611778096404,-0.8945264016679857,-2.722184700735938,0.4991825044273519,-7.64086110375985,6.615327602404175,-1.8831608137309757,-2.9660157875774793,5.419596811112437,3.035615835374033,-11.09501317309177,-5.460571477765237,-2.3527095827035587,0.08223507462033885,-2.019630366651609,-0.13634036665806315,2.0047326372399548,1.196282694333016,-0.46801102841106945,3.8288661414353053,1.2401959667388167,-5.386312847149388,-6.115022592706853,-4.115955956398629,1.5253878015278568,0
-1.8165125866047758,-5.24498314924594,-3.6990973644830927,0.3118588340040991,-5.464994920421489,-2.4026562576702117,-0.22426703162226747,-3.967460945479414,-2.672614273153847,0.7591027245928754,6.815686120235907,-5.597820060795757,4.791804491397849,-0.6989731398511971,-1.0833147032313715,-0.32170066558257193,2.2057345435521416,-12.580942616023298,3.2241509670656514,5.32325729865219,4.26740240303405,0.8734902149241943,2.034147589061478,-0.04178515088677648,2.9891340329374625,11.039260878571604,-7.202513524600681,2.872713193141037,5.3078938214974505,-2.8332298365010264,-1.8171088384030543,3.1390826929463116,-2.619479207764698,1.1450931114797416,-11.844256184924491,-4.959571060235743,-4.893720283193145,6.0341749667189974,3.1860362575155685,-3.5006375214764525,-2.2050404396703343,-7.924701506925675,2.1064556964932675,0.33101271588479353,-4.6060736628746,0.9647119213409678,-1.8055733062391903,-5.429812601872134,1.073193082343137,-4.736062314982597,0
0.49167684917887666,-6.952463213023023,8.85545375722949,2.8286100910536525,-1.5643646718707707,1.3889689664271518,-4.644276717004929,-1.0689824340795608,-3.594218768695925,0.3462116924267311,-1.6881390200090465,-2.281135221580622,-1.8063991783069158,-0.9895806885852299,1.7269493715373354,-0.4587141464282851,3.0028457323584257,0.7387639526917489,5.8888897174989765,1.5844426991296816,4.728643411615478,-2.1923052774106466,-6.05958632292252,0.685168685905291,3.2589375526602535,2.3307867945454643,4.076955250628347,-0.05011667441633327,0.31555416790424706,-7.327296841617281,1.0593351818959056,-0.5074191114482469,-1.380772697917688,0.5964834519480053,10.659154295401965,-0.736536922591045,-5.844047361867116,-0.6963165031851384,1.2168005840748028,4.051035512315657,1.5116756095929582,3.8741528253415947,-4.362152877462738,-3.3690873256417415,4.651900570670444,3.2349919771688476,-3.7472281379825967,3.6126623706556473,-0.2967557008761056,2.7736064192606604,0
2.3640054690771652,-1.5943887659182934,-2.520702696790777,-6.107562187535386,3.418981345761403,1.9889923272261436,-6.286212805357288,6.532018343752471,0.3291477777055838,-2.306582340415214,7.616238039174201,1.9882168221865828,1.3801425178432534,-1.3901302488088307,-3.186697321060678,6.785323131543239,7.0768476467554855,3.477355138594837,3.946005945686351,-1.0044198932863226,-0.8299764054292725,-4.511259076967058,-4.203487537999189,1.2888221093703045,7.990467204318298,-1.3918303012455326,-1.1060181277217778,1.879062614522652,-4.504265117269332,-1.687154125498885,-2.325891083581565,5.052367676616239,3.3754763638708436,-11.257466602985044,-0.19603523300247394,5.054703783336161,-0.3068368787328337,-0.7826618703505294,-9.215515805032332,1.0907345749620028,3.2133789984995453,4.838385645621992,-0.4932127472382286,-1.552405695540715,-1.7697897096871826,5.231297165794732,0.8305962294801672,2.1700132887470396,3.594191763534675,-3.371665801361533,0
0.8057748497542998,-3.704992260601185,6.265969373337021,-3.7626594689244346,-3.311481885929755,4.394131082367283,1.0037590730267738,-1.6659964344993075,-4.884824866938818,0.5860196734925851,-6.279439413301409,-4.3031508046013105,-0.010088257877875373,1.7227119997967426,0.06926259875783014,-8.20988239709142,-4.950744830376159,0.4300065456572214,-1.9691523419938375,-4.752990924548882,7.642577649325396,-1.2958574492684558,-3.663519386877945,-6.862121612961882,-0.7574720424410689,3.4871545432407745,6.002278504610643,-1.999231476464685,0.27490582805344976,1.8069478248858264,-0.8050302441210437,1.807290630106793,1.3014313387625789,2.4592806976906254,-0.8158199048102717,4.594675515462026,-0.9419334284879595,-0.04909911470841721,-1.443153273578794,0.5672373342834314,7.200879970373812,1.6199629636988446,0.46711962614053104,-8.955630535868972,0.142759878769806,3.9410113044526134,0.5710695443255147,-4.185281015145554,-0.044927548512190274,2.333103449868684,1
3.334909534214077,0.46399487645260884,-1.3350718687933179,-4.881349719304471,5.020203590052032,8.68953444214592,9.886253823681598,4.084496480055086,-3.360835430824062,3.3131976757340884,8.07887509847584,5.689351399088497,4.121869306091564,-1.145331033649913,-0.9367439300086291,-1.6043187206134037,-6.037368213135705,6.688039471227982,-0.630294600888351,0.6143611420680588,-2.911234235983638,-2.7003895802730735,0.7031941333738694,-6.1360716055175395,-2.4702127304914603,-10.696031351631035,8.51432806992633,1.3371528580094956,1.1620606991302314,7.61816575354515,-5.924593981389386,-5.7073244379334644,-0.9665532663580294,-2.072593646278352,8.753536265048439,7.735042669059577,1.0875702331849184,-2.02675176170611,-0.6942398558236436,1.196194413190685,0.5920744139007683,2.794890053463881,1.1789811337021496,-2.686796330073454,-0.9617859763385268,0.4370665541738672,-5.7660792937347525,0.8006743181494032,2.7069284417032833,-1.7013695482713835,1
2.326747339344671,3.6091840000652446,2.6226209426482097,-2.149085276406438,-1.5252329629541808,-1.800598026224332,-1.5367970796047246,1.9169989903814457,-4.830396400845738,4.525846514673125,6.1958343938198865,7.334898117269137,0.037121725757574,-1.7966259454220637,-2.145191867961633,-1.160921765586918,-9.974833687478835,2.361522069437877,-4.736894186533426,2.522570166576058,1.3610453943449026,-0.20061209104725064,-4.526803387244103,1.5937925386091916,-4.480299940713425,-7.291303773450804,-1.5706110479257003,5.438019909511163,1.0773821588964383,5.471710491784487,6.352811592564647,5.703769688099559,4.701715706715362,-0.8463595764765448,3.8452262102435384,-1.678481674186389,0.25183306805078476,0.10654107331128826,0.6746678819890732,-2.232513785364224,-4.959203125118816,-1.703838558295038,5.953524140404678,-1.47654880040067,-0.7012215779368394,0.38292197052860233,-1.9309165468454164,-0.57573829374601,1.9297202339827777,-5.40192077698875,0
2.7112605481009426,-0.9187652128292061,4.02559772216385,-6.300068025048125,-3.8720471434755606,2.869560909438581,1.5624367122531693,-3.0549186769382275,-2.3672037510612,-1.7527716407707468,2.2133179776265894,3.232788978283378,1.0146176570274688,1.5733124437006278,1.9289610087596505,-7.621119160202307,-1.275998428082116,4.9444394594120595,-0.3931789560263186,1.3777280003907553,1.1159069120822012,-2.2448739746601953,-2.3943647910067534,2.039725700488387,-0.6333419471690143,-3.267518584636553,0.4828457796784653,1.8057527095930612,1.2969250442515468,-1.4678472062418932,-0.9959870748227058,5.91263218068815,3.5343117864980753,-7.559968080306687,-1.3624848010042512,0.1568524365855003,3.244542552196915,-0.8917686118590491,0.2653906858422336,-4.068314572302574,0.19149886643028147,0.42223060806732304,4.46914350558325,-1.4154193003464122,-0.46774480097026916,3.2642593661681594,-0.35143414905017956,2.399486284109042,-5.806469457630788,1.900136750250835,1
1.9763253189803405,8.12302204585983,1.004980702009941,9.255376014818019,-2.2791130697889685,-0.8205604623956546,-2.6466865269895483,0.3280321220436797,-6.552269305036987,-2.172771851959373,-4.2558297041462225,-6.116617593249661,-1.8120592378977967,-7.667141764901019,2.5301627504405895,-3.559638540548799,-1.0037665629354549,7.735619053057585,1.077515505210636,-0.2609741905437508,-1.2709150696785358,1.809173525532883,-5.692791419984546,-3.4089822367000497,-0.5074833274122134,1.8901298946023841,3.4812372646031644,-3.6046700756630075,-6.1544445745281715,0.09602874499961356,9.868842660606157,-2.712688437460943,-1.422753600615299,-0.0005380207962426553,14.520520603642332,2.224720808320673,1.37287763843366,-0.6508102044562891,6.385170725311216,-1.5492724562351703,0.46646007140111223,7.832202771439467,4.032607208799532,-2.332300528942949,-3.3435947718364414,-4.744445342706298,-0.24090649689806054,-9.59836424717889,-3.443632790764594,5.3155326670047485,1
3.0386724451174754,1.1322961172849535,1.6369565653249878,-0.5124696512706155,-0.6464224675676726,0.8058309812543425,2.363730032877211,-0.7571549941862488,3.5723698688974603,2.7416270170967056,2.7468538840713914,1.2700054211017386,-6.181992247248792,5.144241829750269,5.837952864174578,-4.6275794499422105,-3.602743869700804,2.592065247271427,-0.5300711760699865,-6.46445177423564,-2.9728173569103604,2.5323534520234525,-3.1980732066457334,0.4891260359856644,-5.162653234321768,-1.389160171902216,3.703153486084866,4.184033083526634,-0.6669166152719027,-0.974505142973215,0.9371860793825668,1.3619548131722026,-2.6180206492754072,1.9221316526894854,-2.516144023461112,-0.15758998354808518,-1.4891450338995984,-4.025804538031666,-1.6108660405606123,4.257798296480628,0.20866999498295624,4.529642594346058,3.236519069691977,-1.599233168524056,3.8503886025791783,4.008131564482977,5.555572420770233,0.7330591534793212,1.392734979538675,-2.5600578014300543,0
5.187839184921078,3.4894376080808565,4.1272951089576155,-1.6610850023411095,5.421027312872336,-1.2683132125286232,-1.0241062060420187,4.63305490971989,4.737483586505464,1.513004294864867,1.5209642600639997,0.25570205680034985,-4.427309340613396,-0.6231496628588671,-6.307045638475301,10.130389569698567,4.078260330832721,-4.859689162729451,-8.240200409717843,3.5615909437202866,2.70303396838044,-2.031686516094314,0.08850333093715235,-0.5216163668861296,-2.207982858300549,2.5674039196026954,1.3428603036030586,2.239937688404808,-1.87618423787467,4.269139074502121,-0.9345222442960561,5.546065251868209,1.6973072948408703,5.062969738995903,-1.435426659303288,-0.8412966417203092,-4.9304413280948465,4.282046665937367,-2.6889498149618536,6.41382867856697,-2.3718024743849115,1.520536141726699,-12.561022405253116,7.255862838902139,8.863916189634597,1.346178883510078,3.658932184476076,6.7325842640572215,-3.116880701461625,-1.8742625770576842,1
3.15940032572592,0.3048650239879367,1.1141705364914432,1.780734785183118,0.040852019458257116,2.5976516723535674,6.0645495917661885,-4.315430031913538,-8.241486716697455,0.09394566832668938,6.119264305525474,2.628092583605508,2.200562827894564,5.34065697903028,-1.5686311265945048,4.673666522490761,1.7236426954529855,3.1418855587540206,-3.6484204618988296,-0.24193746839280006,-6.003803756568809,1.4591380705708614,-0.17904911052755423,-4.920184679864617,6.022407780973896,0.9801464784489422,0.6806223968030652,-1.0387759144853943,-2.8618535727859813,-3.7766784241530704,-3.0069636776321955,-0.6840645994086034,1.0307012345754039,1.2644316692359499,2.652282892144998,4.885120543683783,4.591962451360924,-2.099854033829641,0.46567997932386396,-4.952637449900335,-0.21167922656779625,3.056781871051642,-3.13663510970216,-0.0916304130810155,2.3977571845429413,-1.294016902149822,-0.8895241155137217,-3.284745106451194,-5.491744903676357,1.5546038761257925,1
10.626812735524313,-7.199114862396407,-5.016250466501268,-5.647670694487797,7.066671353709035,-1.6202107335651066,-2.9623920458679467,-5.514460474007399,0.8756580547174828,0.05353346440907125,-0.7529411791168865,-5.679802752548693,-7.639822125585018,-0.6382989226083013,-5.797397439081069,0.9372627471312696,2.4354135209355667,5.01976503286646,0.2147975981467073,12.364113375590945,-3.780904641611161,-4.919432302587435,-0.8596357232318712,-0.6702015023816694,2.037185134591886,2.4238826808150065,1.0186816562556105,2.9204844776618346,-4.572058066791326,2.6546872127037053,-4.487857880029962,-3.918674647665764,-0.7551901323782588,4.056222476748886,-2.780162059341775,0.5811491525368816,7.762892519755149,-4.952014181662201,1.6131195182395301,-2.9741517141573546,4.244801919058799,1.3358389042228656,-3.198522235818972,-2.56815133374152,0.24776257525152767,-6.142977510386317,2.8779825853861647,-1.1629394520654301,1.0470671423881726,4.63606470857178,0
3.264656323003396,5.757931122439308,-5.2182065303848635,6.574866310998626,-1.2881680913087972,-5.376884493172913,3.0130964644851583,2.0419531584292745,3.36441550215162,6.373336328961808,1.3405697033960822,-2.8093666064726,-2.5877341745832005,8.303875319480222,-0.2420905352382744,-2.1737993187539626,3.2160505834376587,2.3872558020377332,-1.00838719729262,1.1118231028395429,2.718400754599076,-3.174256945204777,5.3367917333286865,-0.615988003523676,0.15131889024612732,2.9385205723345598,6.609948408372842,0.39499500523994513,3.227817660672688,-6.97554722912915,-8.29663959130749,10.855684938916253,-3.6802024065229677,-5.6634673809380285,-6.9339044090116335,-3.662223349899514,-11.199107719521292,7.411294629943729,4.527037201932088,3.564358500631089,-0.543682732474276,-5.877216957857147,1.8383788817032354,1.7871141432167255,5.872234995904552,-10.010937588380088,1.4278837675173297,6.234552182901671,-13.48042416083854,-7.093721529605926,1
5.003513878044184,-3.8279840405724257,6.493084009786566,-2.464457319027573,1.9880819682568518,5.653208166925132,-6.211292263411384,0.38159965572453314,10.272017746907824,6.009107794572797,5.4717981494353465,-5.584177014683018,-7.349990587182956,-1.7040141106390778,3.0870645106303605,-4.146737124230787,0.8501793002314434,-0.3329972330677551,3.450214931028001,0.5809787662327894,-0.7705972250974678,-4.683331949710252,-3.6685081033480875,-1.8559942921283592,-1.0574564029641305,1.4751268495450733,9.9509237399807,0.40719563960810423,2.8506638553917654,1.6688885251809444,-1.3073384581558674,-2.0967509765402768,-0.141971156010108,4.027334733858945,-5.737884389069326,-0.152325322494286,4.38257087113862,-3.201937077876207,2.1546448308832855,0.5103985221666107,8.2899377737442,-0.28589693831737484,-0.25797676611836207,-1.6064433185975049,8.666926639173028,0.7183672612205279,5.294868004339618,2.4566537599783667,-6.880962728565172,-5.527066019790326,0
-3.4171873524597824,-4.015594035084332,-5.747163611608176,-7.417810881876728,1.6359493712571687,7.686661244124368,0.7068757162803234,5.440751851021835,-5.4783242722229355,4.553125604283991,0.010306442437681085,1.727539594103733,4.237179206265639,-1.765779163375754,1.091638355820927,-2.485289036379178,2.722485483847957,0.9766828984648432,-3.6231055916023687,1.381821180373978,-4.663046961843639,-0.41889455565141753,2.198163571451607,-6.088272373613931,2.76201421198149,-0.2913572494602439,3.59239590898826,4.850707772308598,4.002573418389562,3.100351661382934,-3.169349294407235,1.6660601294467092,0.36451285486798035,-8.114196411283267,-1.2408971293862954,1.9338653142554247,1.6517537131823827,-0.7632779721045173,0.4843122784041545,0.6112041982881222,4.82446017384677,4.522091112216071,0.6111765251729542,3.3929395756042195,-5.4914238601988545,3.8060021209411903,-3.276428187835296,-6.065104863887099,2.861129367158055,-3.4079614070874733,0
-1.5093541971621933,-3.703295684089224,-1.1897239944083542,4.464103367564556,-1.056579822231734,3.103142943530089,-8.748444841652802,7.311938788911034,-1.5273663594061724,4.012451396794627,-4.389576687196505,4.330480880651708,-1.6513514856632323,2.706199960352546,0.5236342647910776,-4.808185494507426,1.9952562665095732,-3.594878346997201,-3.4080393767591834,-1.7335840433819656,-10.508225068031694,-4.635890155741549,1.4328907520865193,-0.12393220642286484,0.4694177572093716,-1.330184698227058,8.640414400005927,0.7139812845170692,3.8208733220706086,-10.897067284592659,-5.861132471894083,4.887227209125449,-4.825523096707259,-0.2831915848930313,0.07115388058852701,2.1649482429361657,-1.2448887448866919,-4.98864822152623,-1.876546299971154,-6.704810395097641,4.917569982055407,3.762390198389733,6.228373966098695,2.6597190256791796,-0.757889609000095,5.260601984405527,-3.713977545390831,-2.896430149493766,-0.2888767732740598,-2.219280623011489,1
5.376644324252896,4.926382493448644,-6.105970338897499,4.322433817934424,3.170171186135197,-3.422046970547462,-1.5167031056430504,1.1981314030661503,1.4181713031872007,6.682160447760407,-3.1027107014203894,-1.3593242623705641,-1.7326700388982799,4.323601996767756,-1.7514032254905811,-5.933335356292452,-5.289013651598599,4.250730998606992,-1.4415518356470818,0.009290033918864404,-2.3749355556736926,-9.902747858681211,0.22861821282042571,-0.2967427966986652,-5.954583821181467,-3.5855058522857277,2.542430821417433,0.23176476971933746,-4.459156932598065,10.12046334205151,-7.665889919944993,-0.6939298296015941,-8.175136790126736,1.0681870309759007,6.7764007152232475,1.0772204288648919,-4.232724490811399,4.768284464901279,-1.1371692955103487,6.865876620051803,-2.9011149423146128,7.678569333700294,5.414366346684421,-3.4207756282012975,2.872655440180001,-0.49639554359122795,-3.366372807278071,1.3719204327739831,3.837609836059352,-2.775360296023062,1
3.097417337842547,-0.04835663882729224,-3.645160104662991,-2.4985295916039796,3.3632970776885833,5.193634067173381,8.833637674069774,-3.3305362152920037,-6.451950510992222,2.7481002787963424,9.550827565257203,3.3960373924520812,1.5987353934060882,1.9485457690916452,-2.5299442497023508,-0.9610614240122783,3.2399295051079173,3.8271272676331938,4.020638469487952,2.659187823776967,-0.09382157154931603,-5.560896154453786,0.6117222006817999,4.790295825160962,-9.128707156473048,0.13677322474673104,7.803558744460885,6.607899942245484,2.994240115101483,-5.225166500069674,3.074580077528805,1.4749763880999551,-2.711251802436355,-4.613762980369923,2.198656735115203,7.057876582953737,-2.8125388782638145,2.279519240721684,-4.165808581796397,-0.33561403103385046,-7.601388167309334,1.1487061739284778,-5.414474480493386,-5.249874440112675,-0.4510273507652849,-2.9244033586008915,-1.3898441208843462,-0.7282859912267328,-3.5497512988844395,5.8615995660443945,1
3.0902006485480586,1.01796712374235,-8.627768892681214,9.174044181100209,-6.114181937378152,5.119447580920692,1.9036573561856098,3.969382613991497,-2.7636029463856184,1.2645842483633503,0.10603612234790694,6.752871910470339,-3.9957942018786,-4.121776090316688,-0.3296272361748265,-0.3242147990764188,8.064923707230994,-2.186851896637274,8.018038011642036,-0.8569771120980709,5.416878165242718,-0.7147606854210173,-1.6777154081110721,2.0760304830337795,-1.6188064305092476,0.9908496349038189,5.031031017536104,2.206426792164182,0.2739443427313104,-7.923843276442697,2.5000694754776167,-4.225494899319095,-4.937184870303216,-5.847540777031728,0.8905072542779444,-6.579815453205392,1.9126157286084626,-0.8492395882521817,-6.299512111943801,0.8656435244507314,-0.9996603326502504,4.3045232458220815,-9.657577719350105,-9.742693282894605,-1.1016113769851978,-0.6429178687928279,-1.8608830528012645,-2.1074087860755926,-5.066111932477723,3.7496311689201205,1
2.693860128947306,-1.9998403694102058,-1.927550347762062,-10.533757743515253,1.8933512681422342,-4.347048800480044,-1.291576287018001,-5.23476130864992,5.7634378029728905,-0.7470003281424458,-1.0567870697531454,-1.1869032428622206,-6.792289604241309,5.808192847750697,2.1840649680481077,-3.2793070014575676,-2.472184336234561,5.742574203702585,-8.95060657295674,2.8915485278443667,2.5018131698557386,-9.73514832689777,6.564684278412403,-4.418109543385313,8.523608132399858,0.9801008502954991,2.4544861242463503,-7.96665060629485,-1.0780506947725972,0.18354174751346686,-2.2196226699442354,1.626535137989518,4.9803929140289,2.7617187891207893,6.982210019150177,1.8634841622175782,-4.562598529767293,6.985079386905415,-3.79261778793862,-1.6212755912658623,1.9096496348999827,1.174988443051736,2.871785978818348,2.4467308875096165,-0.2800892036042546,-2.019888858562675,-3.1104479074211326,1.7165180296332565,4.408200523006046,-7.580362903830415,0
1.4172943283468307,-0.9161336565750591,0.05888641859127819,5.894360906640884,2.501623513821194,3.2923792554368867,-2.660531576595527,-2.3474207556593507,-1.5378064141048016,-0.2789132907986771,-0.7629004326483693,-1.6814683614049906,-2.156982979122845,-0.8894968579661854,-3.277058673463702,-2.7965107229921684,2.2963362644033705,0.7858711934296783,-2.776309999824144,1.958647976510405,3.0056849636764893,-2.736199457449868,-3.624337017795407,5.678012946023723,-11.533116364049773,-3.102778532746309,1.7583354934534787,-7.469694157349798,-0.634268383782028,1.1086487599168888,-0.20503851185543365,1.5861714046402982,-0.5491446841418526,3.4045574576725466,6.136484282255893,4.822733126058311,-1.8137871907700642,1.7829730491518205,-1.1706419294504813,5.191278829578155,-2.1306136890736584,10.865974000142854,-2.3516969723459846,1.2314023379968146,0.6161499399196769,0.4029783816549207,-1.7871124125028626,0.3594153568898002,-2.0295438187099686,2.873256253425179,1
